-- phpMyAdmin SQL Dump
-- version 4.6.0
-- http://www.phpmyadmin.net
--
-- Client :  localhost
-- Généré le :  Lun 31 Octobre 2016 à 17:18
-- Version du serveur :  5.7.11
-- Version de PHP :  7.0.0

SET SQL_MODE = "NO_AUTO_VALUE_ON_ZERO";
SET time_zone = "+00:00";
set global sql_mode='STRICT_TRANS_TABLES,NO_ZERO_IN_DATE,NO_ZERO_DATE,ERROR_FOR_DIVISION_BY_ZERO,NO_AUTO_CREATE_USER,NO_ENGINE_SUBSTITUTION';
set session sql_mode='STRICT_TRANS_TABLES,NO_ZERO_IN_DATE,NO_ZERO_DATE,ERROR_FOR_DIVISION_BY_ZERO,NO_AUTO_CREATE_USER,NO_ENGINE_SUBSTITUTION';


/*!40101 SET @OLD_CHARACTER_SET_CLIENT=@@CHARACTER_SET_CLIENT */;
/*!40101 SET @OLD_CHARACTER_SET_RESULTS=@@CHARACTER_SET_RESULTS */;
/*!40101 SET @OLD_COLLATION_CONNECTION=@@COLLATION_CONNECTION */;
/*!40101 SET NAMES utf8mb4 */;

--
-- Base de données :  `matcha`
--

-- --------------------------------------------------------

--
-- Structure de la table `chat`
--

CREATE TABLE `chat` (
  `id` int(11) NOT NULL,
  `id_auteur` int(11) NOT NULL,
  `id_receiver` int(11) NOT NULL,
  `message` text NOT NULL,
  `created_at` varchar(255) NOT NULL,
  `updated_at` varchar(255) NOT NULL
) ENGINE=InnoDB DEFAULT CHARSET=latin1;

--
-- Contenu de la table `chat`
--

INSERT INTO `chat` (`id`, `id_auteur`, `id_receiver`, `message`, `created_at`, `updated_at`) VALUES
(128, 258, 243, 'dsadsa', '29/10/2016 16:02:51', '29/10/2016 16:02:51'),
(129, 265, 243, 'fddf', '31/10/2016 14:26:53', '31/10/2016 14:26:53'),
(130, 265, 243, 'dsasdds', '31/10/2016 14:28:58', '31/10/2016 14:28:58');

-- --------------------------------------------------------

--
-- Structure de la table `history`
--

CREATE TABLE `history` (
  `id` int(11) NOT NULL,
  `id_users` int(11) NOT NULL,
  `id_users_visited` int(11) NOT NULL,
  `created_at` varchar(255) NOT NULL,
  `updated_at` varchar(255) NOT NULL
) ENGINE=InnoDB DEFAULT CHARSET=latin1;

--
-- Contenu de la table `history`
--

INSERT INTO `history` (`id`, `id_users`, `id_users_visited`, `created_at`, `updated_at`) VALUES
(153, 243, 258, '29/10/2016 15:48:14', '29/10/2016 15:48:14'),
(154, 258, 243, '29/10/2016 15:48:30', '29/10/2016 15:48:30'),
(155, 243, 258, '29/10/2016 15:56:21', '29/10/2016 15:56:21'),
(156, 258, 243, '29/10/2016 15:59:52', '29/10/2016 15:59:52'),
(157, 258, 243, '29/10/2016 16:02:44', '29/10/2016 16:02:44'),
(163, 257, 243, '30/10/2016 18:34:13', '30/10/2016 18:34:13'),
(165, 257, 243, '30/10/2016 18:34:21', '30/10/2016 18:34:21'),
(167, 257, 243, '30/10/2016 18:34:25', '30/10/2016 18:34:25'),
(168, 257, 264, '30/10/2016 18:39:57', '30/10/2016 18:39:57'),
(169, 257, 264, '30/10/2016 18:41:23', '30/10/2016 18:41:23'),
(170, 72, 265, '31/10/2016 12:48:09', '31/10/2016 12:48:09'),
(171, 258, 265, '31/10/2016 13:38:26', '31/10/2016 13:38:26'),
(172, 243, 265, '31/10/2016 14:14:18', '31/10/2016 14:14:18'),
(173, 265, 243, '31/10/2016 14:18:03', '31/10/2016 14:18:03'),
(174, 243, 265, '31/10/2016 14:18:23', '31/10/2016 14:18:23'),
(175, 243, 265, '31/10/2016 14:18:25', '31/10/2016 14:18:25'),
(176, 243, 265, '31/10/2016 14:18:26', '31/10/2016 14:18:26'),
(177, 265, 243, '31/10/2016 14:18:28', '31/10/2016 14:18:28'),
(178, 243, 265, '31/10/2016 14:18:43', '31/10/2016 14:18:43'),
(179, 243, 265, '31/10/2016 14:18:44', '31/10/2016 14:18:44'),
(180, 243, 265, '31/10/2016 14:19:38', '31/10/2016 14:19:38'),
(181, 243, 265, '31/10/2016 14:19:54', '31/10/2016 14:19:54'),
(182, 243, 265, '31/10/2016 14:22:47', '31/10/2016 14:22:47'),
(183, 243, 265, '31/10/2016 14:22:54', '31/10/2016 14:22:54'),
(184, 265, 243, '31/10/2016 14:29:09', '31/10/2016 14:29:09'),
(185, 265, 243, '31/10/2016 15:00:53', '31/10/2016 15:00:53'),
(186, 265, 243, '31/10/2016 15:09:54', '31/10/2016 15:09:54'),
(187, 265, 243, '31/10/2016 15:11:26', '31/10/2016 15:11:26'),
(188, 265, 243, '31/10/2016 15:12:01', '31/10/2016 15:12:01'),
(189, 265, 243, '31/10/2016 15:14:24', '31/10/2016 15:14:24'),
(190, 265, 243, '31/10/2016 15:20:06', '31/10/2016 15:20:06'),
(191, 265, 243, '31/10/2016 15:23:47', '31/10/2016 15:23:47'),
(192, 265, 243, '31/10/2016 15:27:36', '31/10/2016 15:27:36'),
(193, 265, 243, '31/10/2016 15:27:38', '31/10/2016 15:27:38'),
(194, 265, 243, '31/10/2016 15:27:42', '31/10/2016 15:27:42'),
(195, 265, 243, '31/10/2016 15:28:01', '31/10/2016 15:28:01'),
(196, 265, 266, '31/10/2016 17:47:04', '31/10/2016 17:47:04'),
(197, 265, 266, '31/10/2016 17:47:05', '31/10/2016 17:47:05'),
(198, 265, 266, '31/10/2016 17:47:51', '31/10/2016 17:47:51'),
(199, 265, 266, '31/10/2016 17:49:50', '31/10/2016 17:49:50'),
(200, 265, 266, '31/10/2016 17:53:20', '31/10/2016 17:53:20'),
(201, 266, 265, '31/10/2016 17:54:32', '31/10/2016 17:54:32'),
(202, 266, 248, '31/10/2016 17:57:35', '31/10/2016 17:57:35'),
(203, 265, 266, '31/10/2016 17:58:38', '31/10/2016 17:58:38'),
(204, 265, 266, '31/10/2016 17:59:39', '31/10/2016 17:59:39'),
(205, 266, 265, '31/10/2016 18:00:36', '31/10/2016 18:00:36'),
(206, 266, 265, '31/10/2016 18:00:37', '31/10/2016 18:00:37'),
(207, 266, 265, '31/10/2016 18:02:09', '31/10/2016 18:02:09'),
(208, 266, 265, '31/10/2016 18:02:10', '31/10/2016 18:02:10'),
(209, 266, 265, '31/10/2016 18:02:16', '31/10/2016 18:02:16'),
(210, 266, 265, '31/10/2016 18:02:18', '31/10/2016 18:02:18'),
(211, 266, 265, '31/10/2016 18:03:05', '31/10/2016 18:03:05'),
(212, 266, 265, '31/10/2016 18:03:10', '31/10/2016 18:03:10'),
(213, 266, 265, '31/10/2016 18:03:19', '31/10/2016 18:03:19'),
(214, 265, 266, '31/10/2016 18:03:22', '31/10/2016 18:03:22'),
(215, 265, 266, '31/10/2016 18:03:53', '31/10/2016 18:03:53');

-- --------------------------------------------------------

--
-- Structure de la table `likable`
--

CREATE TABLE `likable` (
  `id` int(11) NOT NULL,
  `id_users` int(11) NOT NULL,
  `id_users_like` int(11) NOT NULL,
  `created_at` varchar(255) NOT NULL,
  `updated_at` varchar(255) NOT NULL
) ENGINE=InnoDB DEFAULT CHARSET=latin1 ROW_FORMAT=COMPACT;

--
-- Contenu de la table `likable`
--

INSERT INTO `likable` (`id`, `id_users`, `id_users_like`, `created_at`, `updated_at`) VALUES
(81, 258, 243, '29/10/2016 15:48:17', '29/10/2016 15:48:17'),
(82, 243, 258, '29/10/2016 15:48:34', '29/10/2016 15:48:34'),
(86, 265, 243, '31/10/2016 14:29:27', '31/10/2016 14:29:27'),
(94, 243, 265, '31/10/2016 15:23:56', '31/10/2016 15:23:56'),
(96, 266, 265, '31/10/2016 18:03:28', '31/10/2016 18:03:28');

-- --------------------------------------------------------

--
-- Structure de la table `notification`
--

CREATE TABLE `notification` (
  `id` int(11) NOT NULL,
  `id_users` int(11) NOT NULL,
  `id_users_send` int(11) NOT NULL,
  `reading` tinyint(1) NOT NULL DEFAULT '0',
  `loaded` tinyint(4) NOT NULL DEFAULT '0',
  `message` varchar(255) NOT NULL,
  `href` varchar(255) DEFAULT NULL,
  `created_at` varchar(255) NOT NULL,
  `updated_at` varchar(255) NOT NULL
) ENGINE=InnoDB DEFAULT CHARSET=latin1;

--
-- Contenu de la table `notification`
--

INSERT INTO `notification` (`id`, `id_users`, `id_users_send`, `reading`, `loaded`, `message`, `href`, `created_at`, `updated_at`) VALUES
(252, 258, 243, 1, 0, 'vous a visté(e)', '/users/view/243', '29/10/2016 15:48:14', '29/10/2016 15:48:14'),
(253, 258, 243, 1, 0, 'A aimé(e) votre profil', '/users/view/258', '29/10/2016 15:48:17', '29/10/2016 15:48:17'),
(254, 243, 258, 1, 0, 'vous a visté(e)', '/users/view/258', '29/10/2016 15:48:30', '29/10/2016 15:48:30'),
(255, 243, 258, 1, 0, 'A aimé(e) votre profil', '/users/view/243', '29/10/2016 15:48:34', '29/10/2016 15:48:34'),
(256, 243, 258, 1, 0, 'est connecté a vous !', 'null', '29/10/2016 15:48:34', '29/10/2016 15:48:34'),
(257, 258, 243, 1, 0, 'est connecté a vous !', '/chat/258', '29/10/2016 15:48:34', '29/10/2016 15:48:34'),
(258, 258, 243, 1, 0, 'vous a visté(e)', '/users/view/243', '29/10/2016 15:56:21', '29/10/2016 15:56:21'),
(259, 243, 258, 1, 0, 'vous a visté(e)', '/users/view/258', '29/10/2016 15:59:52', '29/10/2016 15:59:52'),
(260, 243, 258, 1, 0, 'vous a visté(e)', '/users/view/258', '29/10/2016 16:02:44', '29/10/2016 16:02:44'),
(263, 243, 257, 0, 0, 'vous a visté(e)', '/users/view/257', '30/10/2016 18:34:13', '30/10/2016 18:34:13'),
(264, 243, 257, 0, 0, 'vous a visté(e)', '/users/view/257', '30/10/2016 18:34:21', '30/10/2016 18:34:21'),
(265, 243, 257, 0, 0, 'vous a visté(e)', '/users/view/257', '30/10/2016 18:34:25', '30/10/2016 18:34:25'),
(266, 264, 257, 0, 0, 'vous a visté(e)', '/users/view/257', '30/10/2016 18:39:57', '30/10/2016 18:39:57'),
(267, 264, 257, 0, 0, 'vous a visté(e)', '/users/view/257', '30/10/2016 18:41:23', '30/10/2016 18:41:23'),
(268, 265, 72, 0, 0, 'vous a visté(e)', '/users/view/72', '31/10/2016 12:48:09', '31/10/2016 12:48:09'),
(269, 265, 258, 0, 0, 'vous a visté(e)', '/users/view/258', '31/10/2016 13:38:26', '31/10/2016 13:38:26'),
(270, 265, 243, 1, 0, 'vous a visté(e)', '/users/view/243', '31/10/2016 14:14:18', '31/10/2016 14:14:18'),
(271, 265, 243, 1, 0, 'A aimé(e) votre profil', '/users/view/265', '31/10/2016 14:17:40', '31/10/2016 14:17:40'),
(272, 243, 265, 1, 0, 'vous a visté(e)', '/users/view/265', '31/10/2016 14:18:03', '31/10/2016 14:18:03'),
(273, 243, 265, 1, 0, 'vous a visté(e)', '/users/view/265', '31/10/2016 14:18:28', '31/10/2016 14:18:28'),
(274, 243, 265, 1, 0, 'A aimé(e) votre profil', '/users/view/243', '31/10/2016 14:26:36', '31/10/2016 14:26:36'),
(275, 243, 265, 1, 0, 'est connecté a vous !', 'null', '31/10/2016 14:26:36', '31/10/2016 14:26:36'),
(276, 265, 243, 1, 0, 'est connecté a vous !', '/chat/265', '31/10/2016 14:26:36', '31/10/2016 14:26:36'),
(277, 243, 265, 1, 0, 'vous a visté(e)', '/users/view/265', '31/10/2016 14:29:09', '31/10/2016 14:29:09'),
(278, 243, 265, 1, 0, 'n\\\'est plus connecté(e) a vous', NULL, '31/10/2016 14:29:13', '31/10/2016 14:29:13'),
(279, 243, 265, 1, 0, 'A aimé(e) votre profil', '/users/view/243', '31/10/2016 14:29:13', '31/10/2016 14:29:13'),
(280, 265, 243, 1, 0, 'est connecté a vous !', '/chat/243', '31/10/2016 14:29:27', '31/10/2016 14:29:27'),
(281, 243, 265, 1, 0, 'est connecté a vous !', '/chat/243', '31/10/2016 14:29:27', '31/10/2016 14:29:27'),
(282, 243, 265, 1, 0, 'vous a visté(e)', '/users/view/265', '31/10/2016 15:00:53', '31/10/2016 15:00:53'),
(283, 243, 265, 1, 0, 'vous a visté(e)', '/users/view/265', '31/10/2016 15:09:54', '31/10/2016 15:09:54'),
(284, 243, 265, 1, 0, 'n\\\'est plus connecté(e) a vous', NULL, '31/10/2016 15:10:07', '31/10/2016 15:10:07'),
(285, 243, 265, 1, 0, 'A aimé(e) votre profil', '/users/view/243', '31/10/2016 15:10:08', '31/10/2016 15:10:08'),
(286, 243, 265, 1, 0, 'est connecté a vous !', '/chat/265', '31/10/2016 15:10:08', '31/10/2016 15:10:08'),
(287, 265, 243, 1, 0, 'est connecté a vous !', '/chat/265', '31/10/2016 15:10:08', '31/10/2016 15:10:08'),
(288, 243, 265, 1, 0, 'vous a visté(e)', '/users/view/265', '31/10/2016 15:11:26', '31/10/2016 15:11:26'),
(289, 243, 265, 1, 0, 'n\\\'est plus connecté(e) a vous', NULL, '31/10/2016 15:11:29', '31/10/2016 15:11:29'),
(290, 243, 265, 1, 0, 'A aimé(e) votre profil', '/users/view/243', '31/10/2016 15:11:30', '31/10/2016 15:11:30'),
(291, 243, 265, 1, 0, 'est connecté a vous !', '/chat/265', '31/10/2016 15:11:30', '31/10/2016 15:11:30'),
(292, 265, 243, 1, 0, 'est connecté a vous !', '/chat/265', '31/10/2016 15:11:30', '31/10/2016 15:11:30'),
(293, 243, 265, 1, 0, 'vous a visté(e)', '/users/view/265', '31/10/2016 15:12:01', '31/10/2016 15:12:01'),
(294, 243, 265, 1, 0, 'n\\\'est plus connecté(e) a vous', NULL, '31/10/2016 15:12:03', '31/10/2016 15:12:03'),
(295, 243, 265, 1, 0, 'A aimé(e) votre profil', '/users/view/243', '31/10/2016 15:12:03', '31/10/2016 15:12:03'),
(296, 243, 265, 1, 0, 'est connectéjfdfdj a vous !', '/chat/265', '31/10/2016 15:12:03', '31/10/2016 15:12:03'),
(297, 265, 243, 1, 0, 'est connectéjfdfdj a vous !', '/chat/265', '31/10/2016 15:12:03', '31/10/2016 15:12:03'),
(298, 243, 265, 1, 0, 'vous a visté(e)', '/users/view/265', '31/10/2016 15:14:24', '31/10/2016 15:14:24'),
(299, 243, 265, 1, 0, 'n\\\'est plus connecté(e) a vous', NULL, '31/10/2016 15:14:26', '31/10/2016 15:14:26'),
(300, 243, 265, 1, 0, 'A aimé(e) votre profil', '/users/view/243', '31/10/2016 15:14:30', '31/10/2016 15:14:30'),
(301, 265, 243, 1, 0, 'est connectéjfdfdj a vous !', '/chat/265', '31/10/2016 15:14:30', '31/10/2016 15:14:30'),
(302, 243, 265, 1, 0, 'n\\\'est plus connecté(e) a vous', NULL, '31/10/2016 15:14:38', '31/10/2016 15:14:38'),
(303, 243, 265, 1, 0, 'A aimé(e) votre profil', '/users/view/243', '31/10/2016 15:14:38', '31/10/2016 15:14:38'),
(304, 265, 243, 1, 0, 'est connectéjfdfdj a vous !', '/chat/265', '31/10/2016 15:14:38', '31/10/2016 15:14:38'),
(305, 243, 265, 1, 0, 'vous a visté(e)', '/users/view/265', '31/10/2016 15:20:06', '31/10/2016 15:20:06'),
(306, 243, 265, 1, 0, 'n\\\'est plus connecté(e) a vous', NULL, '31/10/2016 15:20:08', '31/10/2016 15:20:08'),
(307, 243, 265, 1, 0, 'A aimé(e) votre profil', '/users/view/243', '31/10/2016 15:20:09', '31/10/2016 15:20:09'),
(308, 265, 243, 1, 0, 'est connectéjfdfdj a vous !', '/chat/265', '31/10/2016 15:20:09', '31/10/2016 15:20:09'),
(309, 243, 265, 1, 0, 'vous a visté(e)', '/users/view/265', '31/10/2016 15:23:47', '31/10/2016 15:23:47'),
(310, 243, 265, 1, 0, 'n\\\'est plus connecté(e) a vous', NULL, '31/10/2016 15:23:49', '31/10/2016 15:23:49'),
(311, 243, 265, 1, 0, 'A aimé(e) votre profil', '/users/view/243', '31/10/2016 15:23:49', '31/10/2016 15:23:49'),
(312, 243, 265, 1, 0, 'est connecté a vous !', '/chat/265', '31/10/2016 15:23:49', '31/10/2016 15:23:49'),
(313, 243, 265, 1, 0, 'n\\\'est plus connecté(e) a vous', NULL, '31/10/2016 15:23:56', '31/10/2016 15:23:56'),
(314, 243, 265, 1, 0, 'A aimé(e) votre profil', '/users/view/243', '31/10/2016 15:23:56', '31/10/2016 15:23:56'),
(315, 243, 265, 1, 0, 'est connecté a vous !', '/chat/265', '31/10/2016 15:23:56', '31/10/2016 15:23:56'),
(316, 243, 265, 1, 0, 'vous a visté(e)', '/users/view/265', '31/10/2016 15:27:36', '31/10/2016 15:27:36'),
(317, 243, 265, 1, 0, 'vous a visté(e)', '/users/view/265', '31/10/2016 15:27:38', '31/10/2016 15:27:38'),
(318, 243, 265, 1, 0, 'vous a visté(e)', '/users/view/265', '31/10/2016 15:27:42', '31/10/2016 15:27:42'),
(319, 243, 265, 1, 0, 'vous a visté(e)', '/users/view/265', '31/10/2016 15:28:01', '31/10/2016 15:28:01'),
(320, 265, 266, 1, 0, 'vous a visté(e)', '/users/view/266', '31/10/2016 17:39:22', '31/10/2016 17:39:22'),
(321, 265, 266, 1, 0, 'vous a visté(e)', '/users/view/266', '31/10/2016 17:46:22', '31/10/2016 17:46:22'),
(322, 266, 265, 1, 0, 'vous a visté(e)', '/users/view/265', '31/10/2016 17:46:46', '31/10/2016 17:46:46'),
(323, 265, 266, 1, 0, 'vous a visté(e)', '/users/view/266', '31/10/2016 17:47:01', '31/10/2016 17:47:01'),
(324, 265, 266, 1, 0, 'vous a visté(e)', '/users/view/266', '31/10/2016 17:47:12', '31/10/2016 17:47:12'),
(325, 265, 266, 1, 0, 'vous a visté(e)', '/users/view/266', '31/10/2016 17:47:46', '31/10/2016 17:47:46'),
(326, 265, 266, 1, 0, 'vous a visté(e)', '/users/view/266', '31/10/2016 17:47:48', '31/10/2016 17:47:48'),
(327, 265, 266, 1, 0, 'vous a visté(e)', '/users/view/266', '31/10/2016 17:49:57', '31/10/2016 17:49:57'),
(328, 265, 266, 1, 0, 'vous a visté(e)', '/users/view/266', '31/10/2016 17:53:11', '31/10/2016 17:53:11'),
(329, 265, 266, 1, 0, 'vous a visté(e)', '/users/view/266', '31/10/2016 17:54:32', '31/10/2016 17:54:32'),
(330, 248, 266, 1, 0, 'vous a visté(e)', '/users/view/266', '31/10/2016 17:55:39', '31/10/2016 17:55:39'),
(331, 248, 266, 1, 0, 'vous a visté(e)', '/users/view/266', '31/10/2016 17:56:26', '31/10/2016 17:56:26'),
(332, 248, 266, 1, 0, 'vous a visté(e)', '/users/view/266', '31/10/2016 17:56:52', '31/10/2016 17:56:52'),
(333, 248, 266, 1, 0, 'vous a visté(e)', '/users/view/266', '31/10/2016 17:57:35', '31/10/2016 17:57:35'),
(334, 265, 266, 1, 0, 'vous a visté(e)', '/users/view/266', '31/10/2016 17:58:08', '31/10/2016 17:58:08'),
(335, 265, 266, 0, 0, 'vous a visté(e)', '/users/view/266', '31/10/2016 18:00:36', '31/10/2016 18:00:36'),
(336, 265, 266, 0, 0, 'vous a visté(e)', '/users/view/266', '31/10/2016 18:00:37', '31/10/2016 18:00:37'),
(337, 265, 266, 0, 0, 'vous a visté(e)', '/users/view/266', '31/10/2016 18:02:09', '31/10/2016 18:02:09'),
(338, 265, 266, 0, 0, 'vous a visté(e)', '/users/view/266', '31/10/2016 18:02:10', '31/10/2016 18:02:10'),
(339, 265, 266, 0, 0, 'vous a visté(e)', '/users/view/266', '31/10/2016 18:02:16', '31/10/2016 18:02:16'),
(340, 265, 266, 0, 0, 'vous a visté(e)', '/users/view/266', '31/10/2016 18:02:18', '31/10/2016 18:02:18'),
(341, 265, 266, 0, 0, 'vous a visté(e)', '/users/view/266', '31/10/2016 18:03:05', '31/10/2016 18:03:05'),
(342, 265, 266, 0, 0, 'vous a visté(e)', '/users/view/266', '31/10/2016 18:03:10', '31/10/2016 18:03:10'),
(343, 265, 266, 0, 0, 'vous a visté(e)', '/users/view/266', '31/10/2016 18:03:19', '31/10/2016 18:03:19'),
(344, 266, 265, 1, 0, 'vous a visté(e)', '/users/view/265', '31/10/2016 18:03:22', '31/10/2016 18:03:22'),
(345, 266, 265, 1, 0, 'A aimé(e) votre profil', '/users/view/266', '31/10/2016 18:03:28', '31/10/2016 18:03:28'),
(346, 266, 265, 0, 0, 'vous a visté(e)', '/users/view/265', '31/10/2016 18:03:53', '31/10/2016 18:03:53');

-- --------------------------------------------------------

--
-- Structure de la table `reported`
--

CREATE TABLE `reported` (
  `id` int(11) NOT NULL,
  `id_users` int(11) NOT NULL,
  `id_users_reported` int(11) NOT NULL,
  `updated_at` varchar(255) NOT NULL,
  `created_at` varchar(255) NOT NULL
) ENGINE=InnoDB DEFAULT CHARSET=latin1;

-- --------------------------------------------------------

--
-- Structure de la table `users`
--

CREATE TABLE `users` (
  `id` int(11) NOT NULL,
  `mail` varchar(255) NOT NULL,
  `nickname` varchar(255) NOT NULL,
  `name` varchar(255) NOT NULL,
  `lastname` varchar(255) NOT NULL,
  `passwd` varchar(255) NOT NULL,
  `gender` varchar(1) DEFAULT NULL,
  `orientation` varchar(255) DEFAULT NULL,
  `age` int(11) DEFAULT NULL,
  `popularity` int(11) NOT NULL DEFAULT '0',
  `last_seen` varchar(255) DEFAULT NULL,
  `isConnected` tinyint(1) NOT NULL DEFAULT '0',
  `salt` varchar(255) DEFAULT NULL,
  `isAdmin` tinyint(4) NOT NULL DEFAULT '0',
  `created_at` varchar(255) NOT NULL,
  `updated_at` varchar(255) NOT NULL
) ENGINE=InnoDB DEFAULT CHARSET=latin1;

--
-- Contenu de la table `users`
--

INSERT INTO `users` (`id`, `mail`, `nickname`, `name`, `lastname`, `passwd`, `gender`, `orientation`, `age`, `popularity`, `last_seen`, `isConnected`, `salt`, `isAdmin`, `created_at`, `updated_at`) VALUES
(43, 'séléna.guillot@example.com5814a4447243c', 'Silverfrog', 'séléna', 'guillot', 'a61bb64972aec1ae2534556c0d1d12b59d6e06f4a12c5a20873dd61e9cf7d8f59d632adfc2787e4643f6632fd80f7e10b4fabbdf4cda86df29e063e095833920', 'f', 'bisexuel', 44, 0, NULL, 0, NULL, 0, '29/10/2016 15:29:41', '29/10/2016 15:29:41'),
(44, 'maëlle.laurent@example.com5814a4453d1c9', 'Browngorilla', 'maëlle', 'laurent', 'a61bb64972aec1ae2534556c0d1d12b59d6e06f4a12c5a20873dd61e9cf7d8f59d632adfc2787e4643f6632fd80f7e10b4fabbdf4cda86df29e063e095833920', 'f', 'hetero', 25, 0, NULL, 0, NULL, 0, '29/10/2016 15:29:41', '29/10/2016 15:29:41'),
(45, 'celestine.meyer@example.com5814a445699aa', 'Lazyfrog', 'celestine', 'meyer', 'a61bb64972aec1ae2534556c0d1d12b59d6e06f4a12c5a20873dd61e9cf7d8f59d632adfc2787e4643f6632fd80f7e10b4fabbdf4cda86df29e063e095833920', 'f', 'homosexuel', 56, 0, NULL, 0, NULL, 0, '29/10/2016 15:29:41', '29/10/2016 15:29:41'),
(46, 'noah.muller@example.com5814a44591d3a', 'Goldendog', 'noah', 'muller', 'a61bb64972aec1ae2534556c0d1d12b59d6e06f4a12c5a20873dd61e9cf7d8f59d632adfc2787e4643f6632fd80f7e10b4fabbdf4cda86df29e063e095833920', 'm', 'homosexuel', 33, 0, NULL, 0, NULL, 0, '29/10/2016 15:29:41', '29/10/2016 15:29:41'),
(47, 'leana.thomas@example.com5814a445bf3a9', 'Ticklishcat', 'leana', 'thomas', 'a61bb64972aec1ae2534556c0d1d12b59d6e06f4a12c5a20873dd61e9cf7d8f59d632adfc2787e4643f6632fd80f7e10b4fabbdf4cda86df29e063e095833920', 'f', 'homosexuel', 18, 0, NULL, 0, NULL, 0, '29/10/2016 15:29:41', '29/10/2016 15:29:41'),
(48, 'théo.leclerc@example.com5814a4460088a', 'Orangecat', 'théo', 'leclerc', 'a61bb64972aec1ae2534556c0d1d12b59d6e06f4a12c5a20873dd61e9cf7d8f59d632adfc2787e4643f6632fd80f7e10b4fabbdf4cda86df29e063e095833920', 'm', 'hetero', 60, 0, NULL, 0, NULL, 0, '29/10/2016 15:29:42', '29/10/2016 15:29:42'),
(49, 'faustine.sanchez@example.com5814a4462fa00', 'Ticklishswan', 'faustine', 'sanchez', 'a61bb64972aec1ae2534556c0d1d12b59d6e06f4a12c5a20873dd61e9cf7d8f59d632adfc2787e4643f6632fd80f7e10b4fabbdf4cda86df29e063e095833920', 'f', 'bisexuel', 53, 0, NULL, 0, NULL, 0, '29/10/2016 15:29:42', '29/10/2016 15:29:42'),
(50, 'amaury.morel@example.com5814a4465dc36', 'Smallostrich', 'amaury', 'morel', 'a61bb64972aec1ae2534556c0d1d12b59d6e06f4a12c5a20873dd61e9cf7d8f59d632adfc2787e4643f6632fd80f7e10b4fabbdf4cda86df29e063e095833920', 'm', 'bisexuel', 34, 0, NULL, 0, NULL, 0, '29/10/2016 15:29:42', '29/10/2016 15:29:42'),
(51, 'malone.rousseau@example.com5814a44684ec2', 'Greenkoala', 'malone', 'rousseau', 'a61bb64972aec1ae2534556c0d1d12b59d6e06f4a12c5a20873dd61e9cf7d8f59d632adfc2787e4643f6632fd80f7e10b4fabbdf4cda86df29e063e095833920', 'm', 'homosexuel', 26, 0, NULL, 0, NULL, 0, '29/10/2016 15:29:42', '29/10/2016 15:29:42'),
(52, 'noham.duval@example.com5814a446b087b', 'Brownfish', 'noham', 'duval', 'a61bb64972aec1ae2534556c0d1d12b59d6e06f4a12c5a20873dd61e9cf7d8f59d632adfc2787e4643f6632fd80f7e10b4fabbdf4cda86df29e063e095833920', 'm', 'hetero', 43, 0, NULL, 0, NULL, 0, '29/10/2016 15:29:42', '29/10/2016 15:29:42'),
(53, 'milo.mathieu@example.com5814a446df48e', 'Orangeostrich', 'milo', 'mathieu', 'a61bb64972aec1ae2534556c0d1d12b59d6e06f4a12c5a20873dd61e9cf7d8f59d632adfc2787e4643f6632fd80f7e10b4fabbdf4cda86df29e063e095833920', 'm', 'homosexuel', 34, 0, NULL, 0, NULL, 0, '29/10/2016 15:29:43', '29/10/2016 15:29:43'),
(54, 'luca.schmitt@example.com5814a447147d3', 'Whitefrog', 'luca', 'schmitt', 'a61bb64972aec1ae2534556c0d1d12b59d6e06f4a12c5a20873dd61e9cf7d8f59d632adfc2787e4643f6632fd80f7e10b4fabbdf4cda86df29e063e095833920', 'm', 'bisexuel', 34, 0, NULL, 0, NULL, 0, '29/10/2016 15:29:43', '29/10/2016 15:29:43'),
(55, 'maëva.robin@example.com5814a44740ee7', 'Goldenmouse', 'maëva', 'robin', 'a61bb64972aec1ae2534556c0d1d12b59d6e06f4a12c5a20873dd61e9cf7d8f59d632adfc2787e4643f6632fd80f7e10b4fabbdf4cda86df29e063e095833920', 'f', 'homosexuel', 46, 0, NULL, 0, NULL, 0, '29/10/2016 15:29:43', '29/10/2016 15:29:43'),
(56, 'cassandra.chevalier@example.com5814a4476fbeb', 'Orangelion', 'cassandra', 'chevalier', 'a61bb64972aec1ae2534556c0d1d12b59d6e06f4a12c5a20873dd61e9cf7d8f59d632adfc2787e4643f6632fd80f7e10b4fabbdf4cda86df29e063e095833920', 'f', 'bisexuel', 42, 0, NULL, 0, NULL, 0, '29/10/2016 15:29:43', '29/10/2016 15:29:43'),
(57, 'inès.philippe@example.com5814a4479ddb7', 'Beautifulbutterfly', 'inès', 'philippe', 'a61bb64972aec1ae2534556c0d1d12b59d6e06f4a12c5a20873dd61e9cf7d8f59d632adfc2787e4643f6632fd80f7e10b4fabbdf4cda86df29e063e095833920', 'f', 'bisexuel', 36, 0, NULL, 0, NULL, 0, '29/10/2016 15:29:43', '29/10/2016 15:29:43'),
(58, 'stella.richard@example.com5814a447ef799', 'Silverelephant', 'stella', 'richard', 'a61bb64972aec1ae2534556c0d1d12b59d6e06f4a12c5a20873dd61e9cf7d8f59d632adfc2787e4643f6632fd80f7e10b4fabbdf4cda86df29e063e095833920', 'f', 'hetero', 60, 0, NULL, 0, NULL, 0, '29/10/2016 15:29:44', '29/10/2016 15:29:44'),
(59, 'louis.rolland@example.com5814a44826100', 'Ticklishostrich', 'louis', 'rolland', 'a61bb64972aec1ae2534556c0d1d12b59d6e06f4a12c5a20873dd61e9cf7d8f59d632adfc2787e4643f6632fd80f7e10b4fabbdf4cda86df29e063e095833920', 'm', 'bisexuel', 20, 0, NULL, 0, NULL, 0, '29/10/2016 15:29:44', '29/10/2016 15:29:44'),
(60, 'elliot.roux@example.com5814a448c0c00', 'Lazykoala', 'elliot', 'roux', 'a61bb64972aec1ae2534556c0d1d12b59d6e06f4a12c5a20873dd61e9cf7d8f59d632adfc2787e4643f6632fd80f7e10b4fabbdf4cda86df29e063e095833920', 'm', 'bisexuel', 26, 0, NULL, 0, NULL, 0, '29/10/2016 15:29:45', '29/10/2016 15:29:45'),
(61, 'sacha.roux@example.com5814a449096c1', 'Ticklishfrog', 'sacha', 'roux', 'a61bb64972aec1ae2534556c0d1d12b59d6e06f4a12c5a20873dd61e9cf7d8f59d632adfc2787e4643f6632fd80f7e10b4fabbdf4cda86df29e063e095833920', 'm', 'hetero', 18, 0, NULL, 0, NULL, 0, '29/10/2016 15:29:45', '29/10/2016 15:29:45'),
(62, 'elsa.renaud@example.com5814a4493a17a', 'Purpledog', 'elsa', 'renaud', 'a61bb64972aec1ae2534556c0d1d12b59d6e06f4a12c5a20873dd61e9cf7d8f59d632adfc2787e4643f6632fd80f7e10b4fabbdf4cda86df29e063e095833920', 'f', 'bisexuel', 53, 0, NULL, 0, NULL, 0, '29/10/2016 15:29:45', '29/10/2016 15:29:45'),
(63, 'tessa.renaud@example.com5814a449687a9', 'Brownwolf', 'tessa', 'renaud', 'a61bb64972aec1ae2534556c0d1d12b59d6e06f4a12c5a20873dd61e9cf7d8f59d632adfc2787e4643f6632fd80f7e10b4fabbdf4cda86df29e063e095833920', 'f', 'homosexuel', 44, 0, NULL, 0, NULL, 0, '29/10/2016 15:29:45', '29/10/2016 15:29:45'),
(64, 'lena.schmitt@example.com5814a4499bec9', 'Redbutterfly', 'lena', 'schmitt', 'a61bb64972aec1ae2534556c0d1d12b59d6e06f4a12c5a20873dd61e9cf7d8f59d632adfc2787e4643f6632fd80f7e10b4fabbdf4cda86df29e063e095833920', 'f', 'bisexuel', 42, 0, NULL, 0, NULL, 0, '29/10/2016 15:29:46', '29/10/2016 15:29:46'),
(65, 'loïc.moulin@example.com5814a44a19360', 'Brownbutterfly', 'loïc', 'moulin', 'a61bb64972aec1ae2534556c0d1d12b59d6e06f4a12c5a20873dd61e9cf7d8f59d632adfc2787e4643f6632fd80f7e10b4fabbdf4cda86df29e063e095833920', 'm', 'bisexuel', 37, 0, NULL, 0, NULL, 0, '29/10/2016 15:29:46', '29/10/2016 15:29:46'),
(66, 'noélie.lopez@example.com5814a44a5b73b', 'Beautifulcat', 'noélie', 'lopez', 'a61bb64972aec1ae2534556c0d1d12b59d6e06f4a12c5a20873dd61e9cf7d8f59d632adfc2787e4643f6632fd80f7e10b4fabbdf4cda86df29e063e095833920', 'f', 'bisexuel', 41, 0, NULL, 0, NULL, 0, '29/10/2016 15:29:46', '29/10/2016 15:29:46'),
(67, 'milan.moreau@example.com5814a44a86b9f', 'Heavytiger', 'milan', 'moreau', 'a61bb64972aec1ae2534556c0d1d12b59d6e06f4a12c5a20873dd61e9cf7d8f59d632adfc2787e4643f6632fd80f7e10b4fabbdf4cda86df29e063e095833920', 'm', 'hetero', 51, 0, NULL, 0, NULL, 0, '29/10/2016 15:29:46', '29/10/2016 15:29:46'),
(68, 'dylan.bernard@example.com5814a44ab8827', 'Beautifulgoose', 'dylan', 'bernard', 'a61bb64972aec1ae2534556c0d1d12b59d6e06f4a12c5a20873dd61e9cf7d8f59d632adfc2787e4643f6632fd80f7e10b4fabbdf4cda86df29e063e095833920', 'm', 'homosexuel', 31, 0, NULL, 0, NULL, 0, '29/10/2016 15:29:46', '29/10/2016 15:29:46'),
(69, 'laura.fontai@example.com5814a44aef34a', 'Goldenkoala', 'laura', 'fontai', 'a61bb64972aec1ae2534556c0d1d12b59d6e06f4a12c5a20873dd61e9cf7d8f59d632adfc2787e4643f6632fd80f7e10b4fabbdf4cda86df29e063e095833920', 'f', 'hetero', 28, 0, NULL, 0, NULL, 0, '29/10/2016 15:29:47', '29/10/2016 15:29:47'),
(70, 'anna.dubois@example.com5814a44b27f9f', 'Blackrabbit', 'anna', 'dubois', 'a61bb64972aec1ae2534556c0d1d12b59d6e06f4a12c5a20873dd61e9cf7d8f59d632adfc2787e4643f6632fd80f7e10b4fabbdf4cda86df29e063e095833920', 'f', 'homosexuel', 58, 0, NULL, 0, NULL, 0, '29/10/2016 15:29:47', '29/10/2016 15:29:47'),
(71, 'lucie.robert@example.com5814a44b53a39', 'Lazyostrich', 'lucie', 'robert', 'a61bb64972aec1ae2534556c0d1d12b59d6e06f4a12c5a20873dd61e9cf7d8f59d632adfc2787e4643f6632fd80f7e10b4fabbdf4cda86df29e063e095833920', 'f', 'hetero', 46, 0, NULL, 0, NULL, 0, '29/10/2016 15:29:47', '29/10/2016 15:29:47'),
(72, 'sandro.carpentier@example.com5814a44b7930b', 'Yellowfrog', 'sandro', 'carpentier', 'a61bb64972aec1ae2534556c0d1d12b59d6e06f4a12c5a20873dd61e9cf7d8f59d632adfc2787e4643f6632fd80f7e10b4fabbdf4cda86df29e063e095833920', 'm', 'hetero', 38, 5, NULL, 0, NULL, 0, '29/10/2016 15:29:47', '29/10/2016 15:29:47'),
(73, 'sara.arnaud@example.com5814a44ba57d0', 'Ticklishswan', 'sara', 'arnaud', 'a61bb64972aec1ae2534556c0d1d12b59d6e06f4a12c5a20873dd61e9cf7d8f59d632adfc2787e4643f6632fd80f7e10b4fabbdf4cda86df29e063e095833920', 'f', 'bisexuel', 38, 0, NULL, 0, NULL, 0, '29/10/2016 15:29:47', '29/10/2016 15:29:47'),
(74, 'louna.lefevre@example.com5814a44bd0db6', 'Ticklishsnake', 'louna', 'lefevre', 'a61bb64972aec1ae2534556c0d1d12b59d6e06f4a12c5a20873dd61e9cf7d8f59d632adfc2787e4643f6632fd80f7e10b4fabbdf4cda86df29e063e095833920', 'f', 'bisexuel', 31, 0, NULL, 0, NULL, 0, '29/10/2016 15:29:48', '29/10/2016 15:29:48'),
(75, 'axelle.perez@example.com5814a44c081d8', 'Purplecat', 'axelle', 'perez', 'a61bb64972aec1ae2534556c0d1d12b59d6e06f4a12c5a20873dd61e9cf7d8f59d632adfc2787e4643f6632fd80f7e10b4fabbdf4cda86df29e063e095833920', 'f', 'homosexuel', 18, 0, NULL, 0, NULL, 0, '29/10/2016 15:29:48', '29/10/2016 15:29:48'),
(76, 'nolan.mathieu@example.com5814a44c34104', 'Lazypeacock', 'nolan', 'mathieu', 'a61bb64972aec1ae2534556c0d1d12b59d6e06f4a12c5a20873dd61e9cf7d8f59d632adfc2787e4643f6632fd80f7e10b4fabbdf4cda86df29e063e095833920', 'm', 'bisexuel', 38, 0, NULL, 0, NULL, 0, '29/10/2016 15:29:48', '29/10/2016 15:29:48'),
(77, 'lucas.rey@example.com5814a44c5f611', 'Bluebutterfly', 'lucas', 'rey', 'a61bb64972aec1ae2534556c0d1d12b59d6e06f4a12c5a20873dd61e9cf7d8f59d632adfc2787e4643f6632fd80f7e10b4fabbdf4cda86df29e063e095833920', 'm', 'homosexuel', 45, 0, NULL, 0, NULL, 0, '29/10/2016 15:29:48', '29/10/2016 15:29:48'),
(78, 'agathe.renaud@example.com5814a44c843f2', 'Crazycat', 'agathe', 'renaud', 'a61bb64972aec1ae2534556c0d1d12b59d6e06f4a12c5a20873dd61e9cf7d8f59d632adfc2787e4643f6632fd80f7e10b4fabbdf4cda86df29e063e095833920', 'f', 'homosexuel', 55, 0, NULL, 0, NULL, 0, '29/10/2016 15:29:48', '29/10/2016 15:29:48'),
(79, 'lina.lacroix@example.com5814a44cb16ab', 'Goldenkoala', 'lina', 'lacroix', 'a61bb64972aec1ae2534556c0d1d12b59d6e06f4a12c5a20873dd61e9cf7d8f59d632adfc2787e4643f6632fd80f7e10b4fabbdf4cda86df29e063e095833920', 'f', 'homosexuel', 29, 0, NULL, 0, NULL, 0, '29/10/2016 15:29:48', '29/10/2016 15:29:48'),
(80, 'séléna.garnier@example.com5814a44cd6ef5', 'Crazyrabbit', 'séléna', 'garnier', 'a61bb64972aec1ae2534556c0d1d12b59d6e06f4a12c5a20873dd61e9cf7d8f59d632adfc2787e4643f6632fd80f7e10b4fabbdf4cda86df29e063e095833920', 'f', 'hetero', 29, 0, NULL, 0, NULL, 0, '29/10/2016 15:29:49', '29/10/2016 15:29:49'),
(81, 'sophia.louis@example.com5814a44d1293f', 'Blackwolf', 'sophia', 'louis', 'a61bb64972aec1ae2534556c0d1d12b59d6e06f4a12c5a20873dd61e9cf7d8f59d632adfc2787e4643f6632fd80f7e10b4fabbdf4cda86df29e063e095833920', 'f', 'hetero', 39, 0, NULL, 0, NULL, 0, '29/10/2016 15:29:49', '29/10/2016 15:29:49'),
(82, 'nora.simon@example.com5814a44d403ec', 'Lazyelephant', 'nora', 'simon', 'a61bb64972aec1ae2534556c0d1d12b59d6e06f4a12c5a20873dd61e9cf7d8f59d632adfc2787e4643f6632fd80f7e10b4fabbdf4cda86df29e063e095833920', 'f', 'bisexuel', 42, 0, NULL, 0, NULL, 0, '29/10/2016 15:29:49', '29/10/2016 15:29:49'),
(83, 'noam.rousseau@example.com5814a44d74d8e', 'Ticklishladybug', 'noam', 'rousseau', 'a61bb64972aec1ae2534556c0d1d12b59d6e06f4a12c5a20873dd61e9cf7d8f59d632adfc2787e4643f6632fd80f7e10b4fabbdf4cda86df29e063e095833920', 'm', 'hetero', 44, 0, NULL, 0, NULL, 0, '29/10/2016 15:29:49', '29/10/2016 15:29:49'),
(84, 'norah.fontai@example.com5814a44da1b6b', 'Bigrabbit', 'norah', 'fontai', 'a61bb64972aec1ae2534556c0d1d12b59d6e06f4a12c5a20873dd61e9cf7d8f59d632adfc2787e4643f6632fd80f7e10b4fabbdf4cda86df29e063e095833920', 'f', 'hetero', 21, 0, NULL, 0, NULL, 0, '29/10/2016 15:29:49', '29/10/2016 15:29:49'),
(85, 'edgar.robin@example.com5814a44dc719a', 'Goldenfrog', 'edgar', 'robin', 'a61bb64972aec1ae2534556c0d1d12b59d6e06f4a12c5a20873dd61e9cf7d8f59d632adfc2787e4643f6632fd80f7e10b4fabbdf4cda86df29e063e095833920', 'm', 'hetero', 36, 0, NULL, 0, NULL, 0, '29/10/2016 15:29:49', '29/10/2016 15:29:49'),
(86, 'lyna.renard@example.com5814a44e0c5bf', 'Whitefish', 'lyna', 'renard', 'a61bb64972aec1ae2534556c0d1d12b59d6e06f4a12c5a20873dd61e9cf7d8f59d632adfc2787e4643f6632fd80f7e10b4fabbdf4cda86df29e063e095833920', 'f', 'homosexuel', 38, 0, NULL, 0, NULL, 0, '29/10/2016 15:29:50', '29/10/2016 15:29:50'),
(87, 'kenzo.andre@example.com5814a44e3183a', 'Ticklishrabbit', 'kenzo', 'andre', 'a61bb64972aec1ae2534556c0d1d12b59d6e06f4a12c5a20873dd61e9cf7d8f59d632adfc2787e4643f6632fd80f7e10b4fabbdf4cda86df29e063e095833920', 'm', 'hetero', 41, 0, NULL, 0, NULL, 0, '29/10/2016 15:29:50', '29/10/2016 15:29:50'),
(88, 'lino.roger@example.com5814a44e5834f', 'Orangeelephant', 'lino', 'roger', 'a61bb64972aec1ae2534556c0d1d12b59d6e06f4a12c5a20873dd61e9cf7d8f59d632adfc2787e4643f6632fd80f7e10b4fabbdf4cda86df29e063e095833920', 'm', 'hetero', 30, 0, NULL, 0, NULL, 0, '29/10/2016 15:29:50', '29/10/2016 15:29:50'),
(89, 'soline.garnier@example.com5814a44e847cd', 'Greenleopard', 'soline', 'garnier', 'a61bb64972aec1ae2534556c0d1d12b59d6e06f4a12c5a20873dd61e9cf7d8f59d632adfc2787e4643f6632fd80f7e10b4fabbdf4cda86df29e063e095833920', 'f', 'homosexuel', 40, 0, NULL, 0, NULL, 0, '29/10/2016 15:29:50', '29/10/2016 15:29:50'),
(90, 'rose.rolland@example.com5814a44eef47a', 'Purplegoose', 'rose', 'rolland', 'a61bb64972aec1ae2534556c0d1d12b59d6e06f4a12c5a20873dd61e9cf7d8f59d632adfc2787e4643f6632fd80f7e10b4fabbdf4cda86df29e063e095833920', 'f', 'hetero', 36, 0, NULL, 0, NULL, 0, '29/10/2016 15:29:51', '29/10/2016 15:29:51'),
(91, 'morgan.hubert@example.com5814a44f2ff8c', 'Whitepeacock', 'morgan', 'hubert', 'a61bb64972aec1ae2534556c0d1d12b59d6e06f4a12c5a20873dd61e9cf7d8f59d632adfc2787e4643f6632fd80f7e10b4fabbdf4cda86df29e063e095833920', 'm', 'bisexuel', 39, 0, NULL, 0, NULL, 0, '29/10/2016 15:29:51', '29/10/2016 15:29:51'),
(92, 'léandro.roy@example.com5814a44fa24a7', 'Ticklishlion', 'léandro', 'roy', 'a61bb64972aec1ae2534556c0d1d12b59d6e06f4a12c5a20873dd61e9cf7d8f59d632adfc2787e4643f6632fd80f7e10b4fabbdf4cda86df29e063e095833920', 'm', 'homosexuel', 48, 0, NULL, 0, NULL, 0, '29/10/2016 15:29:51', '29/10/2016 15:29:51'),
(93, 'ruben.lopez@example.com5814a44fdcd56', 'Bluegoose', 'ruben', 'lopez', 'a61bb64972aec1ae2534556c0d1d12b59d6e06f4a12c5a20873dd61e9cf7d8f59d632adfc2787e4643f6632fd80f7e10b4fabbdf4cda86df29e063e095833920', 'm', 'hetero', 34, 0, NULL, 0, NULL, 0, '29/10/2016 15:29:52', '29/10/2016 15:29:52'),
(94, 'bérénice.joly@example.com5814a4501801f', 'Heavyostrich', 'bérénice', 'joly', 'a61bb64972aec1ae2534556c0d1d12b59d6e06f4a12c5a20873dd61e9cf7d8f59d632adfc2787e4643f6632fd80f7e10b4fabbdf4cda86df29e063e095833920', 'f', 'homosexuel', 48, 0, NULL, 0, NULL, 0, '29/10/2016 15:29:52', '29/10/2016 15:29:52'),
(95, 'emmie.gauthier@example.com5814a4506cb49', 'Bigostrich', 'emmie', 'gauthier', 'a61bb64972aec1ae2534556c0d1d12b59d6e06f4a12c5a20873dd61e9cf7d8f59d632adfc2787e4643f6632fd80f7e10b4fabbdf4cda86df29e063e095833920', 'f', 'hetero', 53, 0, NULL, 0, NULL, 0, '29/10/2016 15:29:52', '29/10/2016 15:29:52'),
(96, 'maëlia.duval@example.com5814a450d2746', 'Lazylion', 'maëlia', 'duval', 'a61bb64972aec1ae2534556c0d1d12b59d6e06f4a12c5a20873dd61e9cf7d8f59d632adfc2787e4643f6632fd80f7e10b4fabbdf4cda86df29e063e095833920', 'f', 'bisexuel', 23, 0, NULL, 0, NULL, 0, '29/10/2016 15:29:53', '29/10/2016 15:29:53'),
(97, 'kelya.dasilva@example.com5814a4512cbbb', 'Heavyswan', 'kelya', 'da silva', 'a61bb64972aec1ae2534556c0d1d12b59d6e06f4a12c5a20873dd61e9cf7d8f59d632adfc2787e4643f6632fd80f7e10b4fabbdf4cda86df29e063e095833920', 'f', 'bisexuel', 52, 0, NULL, 0, NULL, 0, '29/10/2016 15:29:53', '29/10/2016 15:29:53'),
(98, 'noe.marie@example.com5814a451632a5', 'Smallpanda', 'noe', 'marie', 'a61bb64972aec1ae2534556c0d1d12b59d6e06f4a12c5a20873dd61e9cf7d8f59d632adfc2787e4643f6632fd80f7e10b4fabbdf4cda86df29e063e095833920', 'm', 'bisexuel', 44, 0, NULL, 0, NULL, 0, '29/10/2016 15:29:53', '29/10/2016 15:29:53'),
(99, 'mélody.bertrand@example.com5814a451de4fe', 'Beautifulpeacock', 'mélody', 'bertrand', 'a61bb64972aec1ae2534556c0d1d12b59d6e06f4a12c5a20873dd61e9cf7d8f59d632adfc2787e4643f6632fd80f7e10b4fabbdf4cda86df29e063e095833920', 'f', 'bisexuel', 28, 0, NULL, 0, NULL, 0, '29/10/2016 15:29:54', '29/10/2016 15:29:54'),
(100, 'maxime.roux@example.com5814a4525e3ca', 'Tinyleopard', 'maxime', 'roux', 'a61bb64972aec1ae2534556c0d1d12b59d6e06f4a12c5a20873dd61e9cf7d8f59d632adfc2787e4643f6632fd80f7e10b4fabbdf4cda86df29e063e095833920', 'm', 'homosexuel', 36, 0, NULL, 0, NULL, 0, '29/10/2016 15:29:54', '29/10/2016 15:29:54'),
(101, 'kaïs.rey@example.com5814a452f3c11', 'Organicfrog', 'kaïs', 'rey', 'a61bb64972aec1ae2534556c0d1d12b59d6e06f4a12c5a20873dd61e9cf7d8f59d632adfc2787e4643f6632fd80f7e10b4fabbdf4cda86df29e063e095833920', 'm', 'hetero', 50, 0, NULL, 0, NULL, 0, '29/10/2016 15:29:55', '29/10/2016 15:29:55'),
(102, 'eléonore.lemoine@example.com5814a4533d7e0', 'Goldenleopard', 'eléonore', 'lemoine', 'a61bb64972aec1ae2534556c0d1d12b59d6e06f4a12c5a20873dd61e9cf7d8f59d632adfc2787e4643f6632fd80f7e10b4fabbdf4cda86df29e063e095833920', 'f', 'bisexuel', 36, 0, NULL, 0, NULL, 0, '29/10/2016 15:29:55', '29/10/2016 15:29:55'),
(103, 'joshua.laurent@example.com5814a4536a019', 'Bluepeacock', 'joshua', 'laurent', 'a61bb64972aec1ae2534556c0d1d12b59d6e06f4a12c5a20873dd61e9cf7d8f59d632adfc2787e4643f6632fd80f7e10b4fabbdf4cda86df29e063e095833920', 'm', 'homosexuel', 27, 0, NULL, 0, NULL, 0, '29/10/2016 15:29:55', '29/10/2016 15:29:55'),
(104, 'lino.guillot@example.com5814a4539cec7', 'Crazytiger', 'lino', 'guillot', 'a61bb64972aec1ae2534556c0d1d12b59d6e06f4a12c5a20873dd61e9cf7d8f59d632adfc2787e4643f6632fd80f7e10b4fabbdf4cda86df29e063e095833920', 'm', 'bisexuel', 26, 0, NULL, 0, NULL, 0, '29/10/2016 15:29:55', '29/10/2016 15:29:55'),
(105, 'hector.philippe@example.com5814a453ca247', 'Ticklishkoala', 'hector', 'philippe', 'a61bb64972aec1ae2534556c0d1d12b59d6e06f4a12c5a20873dd61e9cf7d8f59d632adfc2787e4643f6632fd80f7e10b4fabbdf4cda86df29e063e095833920', 'm', 'hetero', 38, 0, NULL, 0, NULL, 0, '29/10/2016 15:29:55', '29/10/2016 15:29:55'),
(106, 'jean.girard@example.com5814a453f28fe', 'Whitedog', 'jean', 'girard', 'a61bb64972aec1ae2534556c0d1d12b59d6e06f4a12c5a20873dd61e9cf7d8f59d632adfc2787e4643f6632fd80f7e10b4fabbdf4cda86df29e063e095833920', 'm', 'hetero', 31, 0, NULL, 0, NULL, 0, '29/10/2016 15:29:56', '29/10/2016 15:29:56'),
(107, 'maélie.durand@example.com5814a4543aeca', 'Lazyduck', 'maélie', 'durand', 'a61bb64972aec1ae2534556c0d1d12b59d6e06f4a12c5a20873dd61e9cf7d8f59d632adfc2787e4643f6632fd80f7e10b4fabbdf4cda86df29e063e095833920', 'f', 'homosexuel', 21, 0, NULL, 0, NULL, 0, '29/10/2016 15:29:56', '29/10/2016 15:29:56'),
(108, 'loïc.joly@example.com5814a4549cd36', 'Organicswan', 'loïc', 'joly', 'a61bb64972aec1ae2534556c0d1d12b59d6e06f4a12c5a20873dd61e9cf7d8f59d632adfc2787e4643f6632fd80f7e10b4fabbdf4cda86df29e063e095833920', 'm', 'homosexuel', 19, 0, NULL, 0, NULL, 0, '29/10/2016 15:29:56', '29/10/2016 15:29:56'),
(109, 'william.dumas@example.com5814a454d36d8', 'Smallladybug', 'william', 'dumas', 'a61bb64972aec1ae2534556c0d1d12b59d6e06f4a12c5a20873dd61e9cf7d8f59d632adfc2787e4643f6632fd80f7e10b4fabbdf4cda86df29e063e095833920', 'm', 'homosexuel', 53, 0, NULL, 0, NULL, 0, '29/10/2016 15:29:57', '29/10/2016 15:29:57'),
(110, 'léa.nicolas@example.com5814a4550b9b9', 'Blackpanda', 'léa', 'nicolas', 'a61bb64972aec1ae2534556c0d1d12b59d6e06f4a12c5a20873dd61e9cf7d8f59d632adfc2787e4643f6632fd80f7e10b4fabbdf4cda86df29e063e095833920', 'f', 'hetero', 31, 0, NULL, 0, NULL, 0, '29/10/2016 15:29:57', '29/10/2016 15:29:57'),
(111, 'jonas.picard@example.com5814a4553809d', 'Whitemouse', 'jonas', 'picard', 'a61bb64972aec1ae2534556c0d1d12b59d6e06f4a12c5a20873dd61e9cf7d8f59d632adfc2787e4643f6632fd80f7e10b4fabbdf4cda86df29e063e095833920', 'm', 'hetero', 43, 0, NULL, 0, NULL, 0, '29/10/2016 15:29:57', '29/10/2016 15:29:57'),
(112, 'sophie.bernard@example.com5814a45562d43', 'Brownfish', 'sophie', 'bernard', 'a61bb64972aec1ae2534556c0d1d12b59d6e06f4a12c5a20873dd61e9cf7d8f59d632adfc2787e4643f6632fd80f7e10b4fabbdf4cda86df29e063e095833920', 'f', 'bisexuel', 32, 0, NULL, 0, NULL, 0, '29/10/2016 15:29:57', '29/10/2016 15:29:57'),
(113, 'elya.perrin@example.com5814a45588345', 'Lazybutterfly', 'elya', 'perrin', 'a61bb64972aec1ae2534556c0d1d12b59d6e06f4a12c5a20873dd61e9cf7d8f59d632adfc2787e4643f6632fd80f7e10b4fabbdf4cda86df29e063e095833920', 'f', 'homosexuel', 22, 0, NULL, 0, NULL, 0, '29/10/2016 15:29:57', '29/10/2016 15:29:57'),
(114, 'théo.duval@example.com5814a455ad3b3', 'Smalllion', 'théo', 'duval', 'a61bb64972aec1ae2534556c0d1d12b59d6e06f4a12c5a20873dd61e9cf7d8f59d632adfc2787e4643f6632fd80f7e10b4fabbdf4cda86df29e063e095833920', 'm', 'hetero', 24, 0, NULL, 0, NULL, 0, '29/10/2016 15:29:57', '29/10/2016 15:29:57'),
(115, 'gaspard.charles@example.com5814a455d9dd8', 'Ticklishpeacock', 'gaspard', 'charles', 'a61bb64972aec1ae2534556c0d1d12b59d6e06f4a12c5a20873dd61e9cf7d8f59d632adfc2787e4643f6632fd80f7e10b4fabbdf4cda86df29e063e095833920', 'm', 'homosexuel', 38, 0, NULL, 0, NULL, 0, '29/10/2016 15:29:58', '29/10/2016 15:29:58'),
(116, 'victor.bourgeois@example.com5814a4560c225', 'Whiteduck', 'victor', 'bourgeois', 'a61bb64972aec1ae2534556c0d1d12b59d6e06f4a12c5a20873dd61e9cf7d8f59d632adfc2787e4643f6632fd80f7e10b4fabbdf4cda86df29e063e095833920', 'm', 'hetero', 46, 0, NULL, 0, NULL, 0, '29/10/2016 15:29:58', '29/10/2016 15:29:58'),
(117, 'théo.aubert@example.com5814a4563a5a5', 'Whiteostrich', 'théo', 'aubert', 'a61bb64972aec1ae2534556c0d1d12b59d6e06f4a12c5a20873dd61e9cf7d8f59d632adfc2787e4643f6632fd80f7e10b4fabbdf4cda86df29e063e095833920', 'm', 'hetero', 47, 0, NULL, 0, NULL, 0, '29/10/2016 15:29:58', '29/10/2016 15:29:58'),
(118, 'benjamin.nicolas@example.com5814a4566789c', 'Bigduck', 'benjamin', 'nicolas', 'a61bb64972aec1ae2534556c0d1d12b59d6e06f4a12c5a20873dd61e9cf7d8f59d632adfc2787e4643f6632fd80f7e10b4fabbdf4cda86df29e063e095833920', 'm', 'homosexuel', 51, 0, NULL, 0, NULL, 0, '29/10/2016 15:29:58', '29/10/2016 15:29:58'),
(119, 'mia.roux@example.com5814a4568edec', 'Orangemouse', 'mia', 'roux', 'a61bb64972aec1ae2534556c0d1d12b59d6e06f4a12c5a20873dd61e9cf7d8f59d632adfc2787e4643f6632fd80f7e10b4fabbdf4cda86df29e063e095833920', 'f', 'hetero', 41, 0, NULL, 0, NULL, 0, '29/10/2016 15:29:58', '29/10/2016 15:29:58'),
(120, 'liam.riviere@example.com5814a456b778e', 'Beautifulfish', 'liam', 'riviere', 'a61bb64972aec1ae2534556c0d1d12b59d6e06f4a12c5a20873dd61e9cf7d8f59d632adfc2787e4643f6632fd80f7e10b4fabbdf4cda86df29e063e095833920', 'm', 'hetero', 54, 0, NULL, 0, NULL, 0, '29/10/2016 15:29:58', '29/10/2016 15:29:58'),
(121, 'jules.blanchard@example.com5814a457208b8', 'Greenbear', 'jules', 'blanchard', 'a61bb64972aec1ae2534556c0d1d12b59d6e06f4a12c5a20873dd61e9cf7d8f59d632adfc2787e4643f6632fd80f7e10b4fabbdf4cda86df29e063e095833920', 'm', 'homosexuel', 57, 0, NULL, 0, NULL, 0, '29/10/2016 15:29:59', '29/10/2016 15:29:59'),
(122, 'anaïs.rey@example.com5814a4574b67f', 'Tinyladybug', 'anaïs', 'rey', 'a61bb64972aec1ae2534556c0d1d12b59d6e06f4a12c5a20873dd61e9cf7d8f59d632adfc2787e4643f6632fd80f7e10b4fabbdf4cda86df29e063e095833920', 'f', 'homosexuel', 57, 0, NULL, 0, NULL, 0, '29/10/2016 15:29:59', '29/10/2016 15:29:59'),
(123, 'aymeric.fleury@example.com5814a45777552', 'Organicbear', 'aymeric', 'fleury', 'a61bb64972aec1ae2534556c0d1d12b59d6e06f4a12c5a20873dd61e9cf7d8f59d632adfc2787e4643f6632fd80f7e10b4fabbdf4cda86df29e063e095833920', 'm', 'homosexuel', 32, 0, NULL, 0, NULL, 0, '29/10/2016 15:29:59', '29/10/2016 15:29:59'),
(124, 'mélody.lopez@example.com5814a4579d069', 'Heavytiger', 'mélody', 'lopez', 'a61bb64972aec1ae2534556c0d1d12b59d6e06f4a12c5a20873dd61e9cf7d8f59d632adfc2787e4643f6632fd80f7e10b4fabbdf4cda86df29e063e095833920', 'f', 'homosexuel', 25, 0, NULL, 0, NULL, 0, '29/10/2016 15:29:59', '29/10/2016 15:29:59'),
(125, 'diego.garcia@example.com5814a457c8bd0', 'Purplebear', 'diego', 'garcia', 'a61bb64972aec1ae2534556c0d1d12b59d6e06f4a12c5a20873dd61e9cf7d8f59d632adfc2787e4643f6632fd80f7e10b4fabbdf4cda86df29e063e095833920', 'm', 'bisexuel', 19, 0, NULL, 0, NULL, 0, '29/10/2016 15:29:59', '29/10/2016 15:29:59'),
(126, 'gauthier.lefevre@example.com5814a457edcc9', 'Heavyrabbit', 'gauthier', 'lefevre', 'a61bb64972aec1ae2534556c0d1d12b59d6e06f4a12c5a20873dd61e9cf7d8f59d632adfc2787e4643f6632fd80f7e10b4fabbdf4cda86df29e063e095833920', 'm', 'hetero', 54, 0, NULL, 0, NULL, 0, '29/10/2016 15:30:00', '29/10/2016 15:30:00'),
(127, 'chiara.francois@example.com5814a45820b68', 'Tinyrabbit', 'chiara', 'francois', 'a61bb64972aec1ae2534556c0d1d12b59d6e06f4a12c5a20873dd61e9cf7d8f59d632adfc2787e4643f6632fd80f7e10b4fabbdf4cda86df29e063e095833920', 'f', 'hetero', 45, 0, NULL, 0, NULL, 0, '29/10/2016 15:30:00', '29/10/2016 15:30:00'),
(128, 'capucine.richard@example.com5814a4584b538', 'Lazybird', 'capucine', 'richard', 'a61bb64972aec1ae2534556c0d1d12b59d6e06f4a12c5a20873dd61e9cf7d8f59d632adfc2787e4643f6632fd80f7e10b4fabbdf4cda86df29e063e095833920', 'f', 'hetero', 41, 0, NULL, 0, NULL, 0, '29/10/2016 15:30:00', '29/10/2016 15:30:00'),
(129, 'pierre.picard@example.com5814a45872356', 'Blacktiger', 'pierre', 'picard', 'a61bb64972aec1ae2534556c0d1d12b59d6e06f4a12c5a20873dd61e9cf7d8f59d632adfc2787e4643f6632fd80f7e10b4fabbdf4cda86df29e063e095833920', 'm', 'hetero', 24, 0, NULL, 0, NULL, 0, '29/10/2016 15:30:00', '29/10/2016 15:30:00'),
(130, 'bérénice.morel@example.com5814a458a0d14', 'Greenduck', 'bérénice', 'morel', 'a61bb64972aec1ae2534556c0d1d12b59d6e06f4a12c5a20873dd61e9cf7d8f59d632adfc2787e4643f6632fd80f7e10b4fabbdf4cda86df29e063e095833920', 'f', 'hetero', 49, 0, NULL, 0, NULL, 0, '29/10/2016 15:30:00', '29/10/2016 15:30:00'),
(131, 'aurore.schmitt@example.com5814a458c85a9', 'Orangetiger', 'aurore', 'schmitt', 'a61bb64972aec1ae2534556c0d1d12b59d6e06f4a12c5a20873dd61e9cf7d8f59d632adfc2787e4643f6632fd80f7e10b4fabbdf4cda86df29e063e095833920', 'f', 'homosexuel', 40, 0, NULL, 0, NULL, 0, '29/10/2016 15:30:00', '29/10/2016 15:30:00'),
(132, 'lenny.perez@example.com5814a458ec822', 'Silvertiger', 'lenny', 'perez', 'a61bb64972aec1ae2534556c0d1d12b59d6e06f4a12c5a20873dd61e9cf7d8f59d632adfc2787e4643f6632fd80f7e10b4fabbdf4cda86df29e063e095833920', 'm', 'bisexuel', 37, 0, NULL, 0, NULL, 0, '29/10/2016 15:30:01', '29/10/2016 15:30:01'),
(133, 'jeanne.legall@example.com5814a4591ccd8', 'Bluelion', 'jeanne', 'le gall', 'a61bb64972aec1ae2534556c0d1d12b59d6e06f4a12c5a20873dd61e9cf7d8f59d632adfc2787e4643f6632fd80f7e10b4fabbdf4cda86df29e063e095833920', 'f', 'hetero', 20, 0, NULL, 0, NULL, 0, '29/10/2016 15:30:01', '29/10/2016 15:30:01'),
(134, 'chloé.jean@example.com5814a45946079', 'Whiteelephant', 'chloé', 'jean', 'a61bb64972aec1ae2534556c0d1d12b59d6e06f4a12c5a20873dd61e9cf7d8f59d632adfc2787e4643f6632fd80f7e10b4fabbdf4cda86df29e063e095833920', 'f', 'hetero', 55, 0, NULL, 0, NULL, 0, '29/10/2016 15:30:01', '29/10/2016 15:30:01'),
(135, 'célian.charles@example.com5814a4596d693', 'Purpleladybug', 'célian', 'charles', 'a61bb64972aec1ae2534556c0d1d12b59d6e06f4a12c5a20873dd61e9cf7d8f59d632adfc2787e4643f6632fd80f7e10b4fabbdf4cda86df29e063e095833920', 'm', 'bisexuel', 46, 0, NULL, 0, NULL, 0, '29/10/2016 15:30:01', '29/10/2016 15:30:01'),
(136, 'lise.dumas@example.com5814a45992bc3', 'Tinyostrich', 'lise', 'dumas', 'a61bb64972aec1ae2534556c0d1d12b59d6e06f4a12c5a20873dd61e9cf7d8f59d632adfc2787e4643f6632fd80f7e10b4fabbdf4cda86df29e063e095833920', 'f', 'bisexuel', 31, 0, NULL, 0, NULL, 0, '29/10/2016 15:30:01', '29/10/2016 15:30:01'),
(137, 'mélissa.perrin@example.com5814a459c0a16', 'Smallostrich', 'mélissa', 'perrin', 'a61bb64972aec1ae2534556c0d1d12b59d6e06f4a12c5a20873dd61e9cf7d8f59d632adfc2787e4643f6632fd80f7e10b4fabbdf4cda86df29e063e095833920', 'f', 'homosexuel', 36, 0, NULL, 0, NULL, 0, '29/10/2016 15:30:02', '29/10/2016 15:30:02'),
(138, 'célian.dumas@example.com5814a45a12ce4', 'Greenbutterfly', 'célian', 'dumas', 'a61bb64972aec1ae2534556c0d1d12b59d6e06f4a12c5a20873dd61e9cf7d8f59d632adfc2787e4643f6632fd80f7e10b4fabbdf4cda86df29e063e095833920', 'm', 'bisexuel', 39, 0, NULL, 0, NULL, 0, '29/10/2016 15:30:02', '29/10/2016 15:30:02'),
(139, 'rose.dupuis@example.com5814a45a52710', 'Lazygorilla', 'rose', 'dupuis', 'a61bb64972aec1ae2534556c0d1d12b59d6e06f4a12c5a20873dd61e9cf7d8f59d632adfc2787e4643f6632fd80f7e10b4fabbdf4cda86df29e063e095833920', 'f', 'hetero', 37, 0, NULL, 0, NULL, 0, '29/10/2016 15:30:02', '29/10/2016 15:30:02'),
(140, 'elsa.gauthier@example.com5814a45a810ce', 'Whitefrog', 'elsa', 'gauthier', 'a61bb64972aec1ae2534556c0d1d12b59d6e06f4a12c5a20873dd61e9cf7d8f59d632adfc2787e4643f6632fd80f7e10b4fabbdf4cda86df29e063e095833920', 'f', 'homosexuel', 32, 0, NULL, 0, NULL, 0, '29/10/2016 15:30:02', '29/10/2016 15:30:02'),
(141, 'loris.chevalier@example.com5814a45aaf44a', 'Redtiger', 'loris', 'chevalier', 'a61bb64972aec1ae2534556c0d1d12b59d6e06f4a12c5a20873dd61e9cf7d8f59d632adfc2787e4643f6632fd80f7e10b4fabbdf4cda86df29e063e095833920', 'm', 'homosexuel', 27, 0, NULL, 0, NULL, 0, '29/10/2016 15:30:02', '29/10/2016 15:30:02'),
(142, 'roxane.gautier@example.com5814a45ae1914', 'Blackmouse', 'roxane', 'gautier', 'a61bb64972aec1ae2534556c0d1d12b59d6e06f4a12c5a20873dd61e9cf7d8f59d632adfc2787e4643f6632fd80f7e10b4fabbdf4cda86df29e063e095833920', 'f', 'bisexuel', 41, 0, NULL, 0, NULL, 0, '29/10/2016 15:30:03', '29/10/2016 15:30:03'),
(143, 'lou.colin@example.com5814a45b14fd6', 'Organictiger', 'lou', 'colin', 'a61bb64972aec1ae2534556c0d1d12b59d6e06f4a12c5a20873dd61e9cf7d8f59d632adfc2787e4643f6632fd80f7e10b4fabbdf4cda86df29e063e095833920', 'f', 'bisexuel', 35, 0, NULL, 0, NULL, 0, '29/10/2016 15:30:03', '29/10/2016 15:30:03'),
(144, 'lukas.nicolas@example.com5814a45b3a3bf', 'Lazymouse', 'lukas', 'nicolas', 'a61bb64972aec1ae2534556c0d1d12b59d6e06f4a12c5a20873dd61e9cf7d8f59d632adfc2787e4643f6632fd80f7e10b4fabbdf4cda86df29e063e095833920', 'm', 'homosexuel', 44, 0, NULL, 0, NULL, 0, '29/10/2016 15:30:03', '29/10/2016 15:30:03'),
(145, 'oscar.bertrand@example.com5814a45b60410', 'Beautifulcat', 'oscar', 'bertrand', 'a61bb64972aec1ae2534556c0d1d12b59d6e06f4a12c5a20873dd61e9cf7d8f59d632adfc2787e4643f6632fd80f7e10b4fabbdf4cda86df29e063e095833920', 'm', 'bisexuel', 41, 0, NULL, 0, NULL, 0, '29/10/2016 15:30:03', '29/10/2016 15:30:03'),
(146, 'justin.guerin@example.com5814a45b85358', 'Smalltiger', 'justin', 'guerin', 'a61bb64972aec1ae2534556c0d1d12b59d6e06f4a12c5a20873dd61e9cf7d8f59d632adfc2787e4643f6632fd80f7e10b4fabbdf4cda86df29e063e095833920', 'm', 'homosexuel', 52, 0, NULL, 0, NULL, 0, '29/10/2016 15:30:03', '29/10/2016 15:30:03'),
(147, 'dylan.dasilva@example.com5814a45ba9c8b', 'Tinypeacock', 'dylan', 'da silva', 'a61bb64972aec1ae2534556c0d1d12b59d6e06f4a12c5a20873dd61e9cf7d8f59d632adfc2787e4643f6632fd80f7e10b4fabbdf4cda86df29e063e095833920', 'm', 'hetero', 26, 0, NULL, 0, NULL, 0, '29/10/2016 15:30:03', '29/10/2016 15:30:03'),
(148, 'malone.denis@example.com5814a45bce6d9', 'Beautifulmouse', 'malone', 'denis', 'a61bb64972aec1ae2534556c0d1d12b59d6e06f4a12c5a20873dd61e9cf7d8f59d632adfc2787e4643f6632fd80f7e10b4fabbdf4cda86df29e063e095833920', 'm', 'homosexuel', 43, 0, NULL, 0, NULL, 0, '29/10/2016 15:30:04', '29/10/2016 15:30:04'),
(149, 'léandre.blanc@example.com5814a45c01e6b', 'Heavydog', 'léandre', 'blanc', 'a61bb64972aec1ae2534556c0d1d12b59d6e06f4a12c5a20873dd61e9cf7d8f59d632adfc2787e4643f6632fd80f7e10b4fabbdf4cda86df29e063e095833920', 'm', 'bisexuel', 27, 0, NULL, 0, NULL, 0, '29/10/2016 15:30:04', '29/10/2016 15:30:04'),
(150, 'mathys.giraud@example.com5814a45c28b8f', 'Orangeostrich', 'mathys', 'giraud', 'a61bb64972aec1ae2534556c0d1d12b59d6e06f4a12c5a20873dd61e9cf7d8f59d632adfc2787e4643f6632fd80f7e10b4fabbdf4cda86df29e063e095833920', 'm', 'bisexuel', 42, 0, NULL, 0, NULL, 0, '29/10/2016 15:30:04', '29/10/2016 15:30:04'),
(151, 'norah.bernard@example.com5814a45c4e028', 'Whitetiger', 'norah', 'bernard', 'a61bb64972aec1ae2534556c0d1d12b59d6e06f4a12c5a20873dd61e9cf7d8f59d632adfc2787e4643f6632fd80f7e10b4fabbdf4cda86df29e063e095833920', 'f', 'hetero', 44, 0, NULL, 0, NULL, 0, '29/10/2016 15:30:04', '29/10/2016 15:30:04'),
(152, 'tim.morin@example.com5814a45c73b4d', 'Blackgoose', 'tim', 'morin', 'a61bb64972aec1ae2534556c0d1d12b59d6e06f4a12c5a20873dd61e9cf7d8f59d632adfc2787e4643f6632fd80f7e10b4fabbdf4cda86df29e063e095833920', 'm', 'homosexuel', 56, 0, NULL, 0, NULL, 0, '29/10/2016 15:30:04', '29/10/2016 15:30:04'),
(153, 'estelle.girard@example.com5814a45c99294', 'Greenpanda', 'estelle', 'girard', 'a61bb64972aec1ae2534556c0d1d12b59d6e06f4a12c5a20873dd61e9cf7d8f59d632adfc2787e4643f6632fd80f7e10b4fabbdf4cda86df29e063e095833920', 'f', 'hetero', 28, 0, NULL, 0, NULL, 0, '29/10/2016 15:30:04', '29/10/2016 15:30:04'),
(154, 'ambre.chevalier@example.com5814a45cbcf36', 'Tinyelephant', 'ambre', 'chevalier', 'a61bb64972aec1ae2534556c0d1d12b59d6e06f4a12c5a20873dd61e9cf7d8f59d632adfc2787e4643f6632fd80f7e10b4fabbdf4cda86df29e063e095833920', 'f', 'hetero', 45, 0, NULL, 0, NULL, 0, '29/10/2016 15:30:04', '29/10/2016 15:30:04'),
(155, 'louane.roux@example.com5814a45ce1004', 'Bigbird', 'louane', 'roux', 'a61bb64972aec1ae2534556c0d1d12b59d6e06f4a12c5a20873dd61e9cf7d8f59d632adfc2787e4643f6632fd80f7e10b4fabbdf4cda86df29e063e095833920', 'f', 'bisexuel', 23, 0, NULL, 0, NULL, 0, '29/10/2016 15:30:05', '29/10/2016 15:30:05'),
(156, 'lucien.renard@example.com5814a45d13c16', 'Heavybutterfly', 'lucien', 'renard', 'a61bb64972aec1ae2534556c0d1d12b59d6e06f4a12c5a20873dd61e9cf7d8f59d632adfc2787e4643f6632fd80f7e10b4fabbdf4cda86df29e063e095833920', 'm', 'hetero', 34, 0, NULL, 0, NULL, 0, '29/10/2016 15:30:05', '29/10/2016 15:30:05'),
(157, 'loris.gautier@example.com5814a45d3fd5e', 'Greenelephant', 'loris', 'gautier', 'a61bb64972aec1ae2534556c0d1d12b59d6e06f4a12c5a20873dd61e9cf7d8f59d632adfc2787e4643f6632fd80f7e10b4fabbdf4cda86df29e063e095833920', 'm', 'homosexuel', 26, 0, NULL, 0, NULL, 0, '29/10/2016 15:30:05', '29/10/2016 15:30:05'),
(158, 'eline.mercier@example.com5814a45d71662', 'Ticklishpeacock', 'eline', 'mercier', 'a61bb64972aec1ae2534556c0d1d12b59d6e06f4a12c5a20873dd61e9cf7d8f59d632adfc2787e4643f6632fd80f7e10b4fabbdf4cda86df29e063e095833920', 'f', 'hetero', 60, 0, NULL, 0, NULL, 0, '29/10/2016 15:30:05', '29/10/2016 15:30:05'),
(159, 'lohan.menard@example.com5814a45da08ea', 'Goldenpanda', 'lohan', 'menard', 'a61bb64972aec1ae2534556c0d1d12b59d6e06f4a12c5a20873dd61e9cf7d8f59d632adfc2787e4643f6632fd80f7e10b4fabbdf4cda86df29e063e095833920', 'm', 'bisexuel', 40, 0, NULL, 0, NULL, 0, '29/10/2016 15:30:05', '29/10/2016 15:30:05'),
(160, 'lily.lefevre@example.com5814a45dc3c36', 'Lazytiger', 'lily', 'lefevre', 'a61bb64972aec1ae2534556c0d1d12b59d6e06f4a12c5a20873dd61e9cf7d8f59d632adfc2787e4643f6632fd80f7e10b4fabbdf4cda86df29e063e095833920', 'f', 'hetero', 58, 0, NULL, 0, NULL, 0, '29/10/2016 15:30:05', '29/10/2016 15:30:05'),
(161, 'lily.dupont@example.com5814a45de762f', 'Lazyfish', 'lily', 'dupont', 'a61bb64972aec1ae2534556c0d1d12b59d6e06f4a12c5a20873dd61e9cf7d8f59d632adfc2787e4643f6632fd80f7e10b4fabbdf4cda86df29e063e095833920', 'f', 'hetero', 54, 0, NULL, 0, NULL, 0, '29/10/2016 15:30:06', '29/10/2016 15:30:06'),
(162, 'isaac.lacroix@example.com5814a45e15ecd', 'Crazyostrich', 'isaac', 'lacroix', 'a61bb64972aec1ae2534556c0d1d12b59d6e06f4a12c5a20873dd61e9cf7d8f59d632adfc2787e4643f6632fd80f7e10b4fabbdf4cda86df29e063e095833920', 'm', 'bisexuel', 27, 0, NULL, 0, NULL, 0, '29/10/2016 15:30:06', '29/10/2016 15:30:06'),
(163, 'luna.legrand@example.com5814a45e3f517', 'Whitelion', 'luna', 'legrand', 'a61bb64972aec1ae2534556c0d1d12b59d6e06f4a12c5a20873dd61e9cf7d8f59d632adfc2787e4643f6632fd80f7e10b4fabbdf4cda86df29e063e095833920', 'f', 'hetero', 21, 0, NULL, 0, NULL, 0, '29/10/2016 15:30:06', '29/10/2016 15:30:06'),
(164, 'lorenzo.petit@example.com5814a45e62aa1', 'Bigpeacock', 'lorenzo', 'petit', 'a61bb64972aec1ae2534556c0d1d12b59d6e06f4a12c5a20873dd61e9cf7d8f59d632adfc2787e4643f6632fd80f7e10b4fabbdf4cda86df29e063e095833920', 'm', 'hetero', 24, 0, NULL, 0, NULL, 0, '29/10/2016 15:30:06', '29/10/2016 15:30:06'),
(165, 'kylian.guillaume@example.com5814a45e8593f', 'Beautifulfish', 'kylian', 'guillaume', 'a61bb64972aec1ae2534556c0d1d12b59d6e06f4a12c5a20873dd61e9cf7d8f59d632adfc2787e4643f6632fd80f7e10b4fabbdf4cda86df29e063e095833920', 'm', 'hetero', 42, 0, NULL, 0, NULL, 0, '29/10/2016 15:30:06', '29/10/2016 15:30:06'),
(166, 'rose.lacroix@example.com5814a45ea8ba1', 'Crazymeercat', 'rose', 'lacroix', 'a61bb64972aec1ae2534556c0d1d12b59d6e06f4a12c5a20873dd61e9cf7d8f59d632adfc2787e4643f6632fd80f7e10b4fabbdf4cda86df29e063e095833920', 'f', 'bisexuel', 48, 0, NULL, 0, NULL, 0, '29/10/2016 15:30:06', '29/10/2016 15:30:06'),
(167, 'auguste.nicolas@example.com5814a45eca44f', 'Blackwolf', 'auguste', 'nicolas', 'a61bb64972aec1ae2534556c0d1d12b59d6e06f4a12c5a20873dd61e9cf7d8f59d632adfc2787e4643f6632fd80f7e10b4fabbdf4cda86df29e063e095833920', 'm', 'bisexuel', 43, 0, NULL, 0, NULL, 0, '29/10/2016 15:30:06', '29/10/2016 15:30:06'),
(168, 'méline.joly@example.com5814a45eed1b8', 'Crazygoose', 'méline', 'joly', 'a61bb64972aec1ae2534556c0d1d12b59d6e06f4a12c5a20873dd61e9cf7d8f59d632adfc2787e4643f6632fd80f7e10b4fabbdf4cda86df29e063e095833920', 'f', 'homosexuel', 48, 0, NULL, 0, NULL, 0, '29/10/2016 15:30:07', '29/10/2016 15:30:07'),
(169, 'dorian.caron@example.com5814a45f1b58b', 'Lazydog', 'dorian', 'caron', 'a61bb64972aec1ae2534556c0d1d12b59d6e06f4a12c5a20873dd61e9cf7d8f59d632adfc2787e4643f6632fd80f7e10b4fabbdf4cda86df29e063e095833920', 'm', 'bisexuel', 32, 0, NULL, 0, NULL, 0, '29/10/2016 15:30:07', '29/10/2016 15:30:07'),
(170, 'sara.renard@example.com5814a45f3f249', 'Lazyleopard', 'sara', 'renard', 'a61bb64972aec1ae2534556c0d1d12b59d6e06f4a12c5a20873dd61e9cf7d8f59d632adfc2787e4643f6632fd80f7e10b4fabbdf4cda86df29e063e095833920', 'f', 'hetero', 43, 0, NULL, 0, NULL, 0, '29/10/2016 15:30:07', '29/10/2016 15:30:07'),
(171, 'timeo.nguyen@example.com5814a45f680c6', 'Brownswan', 'timeo', 'nguyen', 'a61bb64972aec1ae2534556c0d1d12b59d6e06f4a12c5a20873dd61e9cf7d8f59d632adfc2787e4643f6632fd80f7e10b4fabbdf4cda86df29e063e095833920', 'm', 'hetero', 52, 0, NULL, 0, NULL, 0, '29/10/2016 15:30:07', '29/10/2016 15:30:07'),
(172, 'mylan.lambert@example.com5814a45f8aaff', 'Crazylion', 'mylan', 'lambert', 'a61bb64972aec1ae2534556c0d1d12b59d6e06f4a12c5a20873dd61e9cf7d8f59d632adfc2787e4643f6632fd80f7e10b4fabbdf4cda86df29e063e095833920', 'm', 'bisexuel', 49, 0, NULL, 0, NULL, 0, '29/10/2016 15:30:07', '29/10/2016 15:30:07'),
(173, 'tristan.marchand@example.com5814a45fb414f', 'Brownpeacock', 'tristan', 'marchand', 'a61bb64972aec1ae2534556c0d1d12b59d6e06f4a12c5a20873dd61e9cf7d8f59d632adfc2787e4643f6632fd80f7e10b4fabbdf4cda86df29e063e095833920', 'm', 'homosexuel', 37, 0, NULL, 0, NULL, 0, '29/10/2016 15:30:07', '29/10/2016 15:30:07'),
(174, 'emile.boyer@example.com5814a45fd7222', 'Smallrabbit', 'emile', 'boyer', 'a61bb64972aec1ae2534556c0d1d12b59d6e06f4a12c5a20873dd61e9cf7d8f59d632adfc2787e4643f6632fd80f7e10b4fabbdf4cda86df29e063e095833920', 'm', 'hetero', 20, 0, NULL, 0, NULL, 0, '29/10/2016 15:30:08', '29/10/2016 15:30:08'),
(175, 'eloane.vincent@example.com5814a46007865', 'Greenmouse', 'eloane', 'vincent', 'a61bb64972aec1ae2534556c0d1d12b59d6e06f4a12c5a20873dd61e9cf7d8f59d632adfc2787e4643f6632fd80f7e10b4fabbdf4cda86df29e063e095833920', 'f', 'homosexuel', 19, 0, NULL, 0, NULL, 0, '29/10/2016 15:30:08', '29/10/2016 15:30:08'),
(176, 'enola.bernard@example.com5814a4602aa41', 'Yellowduck', 'enola', 'bernard', 'a61bb64972aec1ae2534556c0d1d12b59d6e06f4a12c5a20873dd61e9cf7d8f59d632adfc2787e4643f6632fd80f7e10b4fabbdf4cda86df29e063e095833920', 'f', 'hetero', 29, 0, NULL, 0, NULL, 0, '29/10/2016 15:30:08', '29/10/2016 15:30:08'),
(177, 'noam.picard@example.com5814a460a37f6', 'Orangebear', 'noam', 'picard', 'a61bb64972aec1ae2534556c0d1d12b59d6e06f4a12c5a20873dd61e9cf7d8f59d632adfc2787e4643f6632fd80f7e10b4fabbdf4cda86df29e063e095833920', 'm', 'homosexuel', 47, 0, NULL, 0, NULL, 0, '29/10/2016 15:30:08', '29/10/2016 15:30:08'),
(178, 'robin.fernandez@example.com5814a460c76ae', 'Crazybutterfly', 'robin', 'fernandez', 'a61bb64972aec1ae2534556c0d1d12b59d6e06f4a12c5a20873dd61e9cf7d8f59d632adfc2787e4643f6632fd80f7e10b4fabbdf4cda86df29e063e095833920', 'm', 'hetero', 31, 0, NULL, 0, NULL, 0, '29/10/2016 15:30:08', '29/10/2016 15:30:08'),
(179, 'ugo.fernandez@example.com5814a460eac73', 'Bigtiger', 'ugo', 'fernandez', 'a61bb64972aec1ae2534556c0d1d12b59d6e06f4a12c5a20873dd61e9cf7d8f59d632adfc2787e4643f6632fd80f7e10b4fabbdf4cda86df29e063e095833920', 'm', 'bisexuel', 58, 0, NULL, 0, NULL, 0, '29/10/2016 15:30:09', '29/10/2016 15:30:09'),
(180, 'alessio.chevalier@example.com5814a46118e73', 'Purplebird', 'alessio', 'chevalier', 'a61bb64972aec1ae2534556c0d1d12b59d6e06f4a12c5a20873dd61e9cf7d8f59d632adfc2787e4643f6632fd80f7e10b4fabbdf4cda86df29e063e095833920', 'm', 'homosexuel', 29, 0, NULL, 0, NULL, 0, '29/10/2016 15:30:09', '29/10/2016 15:30:09'),
(181, 'mia.schmitt@example.com5814a4613cfe8', 'Blackswan', 'mia', 'schmitt', 'a61bb64972aec1ae2534556c0d1d12b59d6e06f4a12c5a20873dd61e9cf7d8f59d632adfc2787e4643f6632fd80f7e10b4fabbdf4cda86df29e063e095833920', 'f', 'homosexuel', 36, 0, NULL, 0, NULL, 0, '29/10/2016 15:30:09', '29/10/2016 15:30:09'),
(182, 'sacha.dupont@example.com5814a4615f730', 'Bluebird', 'sacha', 'dupont', 'a61bb64972aec1ae2534556c0d1d12b59d6e06f4a12c5a20873dd61e9cf7d8f59d632adfc2787e4643f6632fd80f7e10b4fabbdf4cda86df29e063e095833920', 'm', 'bisexuel', 18, 0, NULL, 0, NULL, 0, '29/10/2016 15:30:09', '29/10/2016 15:30:09'),
(183, 'noemie.lemaire@example.com5814a46183933', 'Browndog', 'noemie', 'lemaire', 'a61bb64972aec1ae2534556c0d1d12b59d6e06f4a12c5a20873dd61e9cf7d8f59d632adfc2787e4643f6632fd80f7e10b4fabbdf4cda86df29e063e095833920', 'f', 'hetero', 56, 0, NULL, 0, NULL, 0, '29/10/2016 15:30:09', '29/10/2016 15:30:09'),
(184, 'guillaume.marie@example.com5814a461a7107', 'Goldenfish', 'guillaume', 'marie', 'a61bb64972aec1ae2534556c0d1d12b59d6e06f4a12c5a20873dd61e9cf7d8f59d632adfc2787e4643f6632fd80f7e10b4fabbdf4cda86df29e063e095833920', 'm', 'hetero', 41, 0, NULL, 0, NULL, 0, '29/10/2016 15:30:09', '29/10/2016 15:30:09'),
(185, 'andréa.lambert@example.com5814a461ca8b3', 'Blackpanda', 'andréa', 'lambert', 'a61bb64972aec1ae2534556c0d1d12b59d6e06f4a12c5a20873dd61e9cf7d8f59d632adfc2787e4643f6632fd80f7e10b4fabbdf4cda86df29e063e095833920', 'f', 'homosexuel', 26, 0, NULL, 0, NULL, 0, '29/10/2016 15:30:09', '29/10/2016 15:30:09'),
(186, 'loane.moulin@example.com5814a461ed767', 'Lazydog', 'loane', 'moulin', 'a61bb64972aec1ae2534556c0d1d12b59d6e06f4a12c5a20873dd61e9cf7d8f59d632adfc2787e4643f6632fd80f7e10b4fabbdf4cda86df29e063e095833920', 'f', 'bisexuel', 56, 0, NULL, 0, NULL, 0, '29/10/2016 15:30:10', '29/10/2016 15:30:10'),
(187, 'sarah.boyer@example.com5814a4622197b', 'Organicleopard', 'sarah', 'boyer', 'a61bb64972aec1ae2534556c0d1d12b59d6e06f4a12c5a20873dd61e9cf7d8f59d632adfc2787e4643f6632fd80f7e10b4fabbdf4cda86df29e063e095833920', 'f', 'homosexuel', 37, 0, NULL, 0, NULL, 0, '29/10/2016 15:30:10', '29/10/2016 15:30:10'),
(188, 'morgane.charles@example.com5814a46245739', 'Organicpanda', 'morgane', 'charles', 'a61bb64972aec1ae2534556c0d1d12b59d6e06f4a12c5a20873dd61e9cf7d8f59d632adfc2787e4643f6632fd80f7e10b4fabbdf4cda86df29e063e095833920', 'f', 'homosexuel', 40, 0, NULL, 0, NULL, 0, '29/10/2016 15:30:10', '29/10/2016 15:30:10'),
(189, 'garance.duval@example.com5814a46268950', 'Ticklishladybug', 'garance', 'duval', 'a61bb64972aec1ae2534556c0d1d12b59d6e06f4a12c5a20873dd61e9cf7d8f59d632adfc2787e4643f6632fd80f7e10b4fabbdf4cda86df29e063e095833920', 'f', 'homosexuel', 55, 0, NULL, 0, NULL, 0, '29/10/2016 15:30:10', '29/10/2016 15:30:10'),
(190, 'valentine.legall@example.com5814a4628bc89', 'Yellowbutterfly', 'valentine', 'le gall', 'a61bb64972aec1ae2534556c0d1d12b59d6e06f4a12c5a20873dd61e9cf7d8f59d632adfc2787e4643f6632fd80f7e10b4fabbdf4cda86df29e063e095833920', 'f', 'homosexuel', 21, 0, NULL, 0, NULL, 0, '29/10/2016 15:30:10', '29/10/2016 15:30:10'),
(191, 'jean.bourgeois@example.com5814a462aefbc', 'Silvergorilla', 'jean', 'bourgeois', 'a61bb64972aec1ae2534556c0d1d12b59d6e06f4a12c5a20873dd61e9cf7d8f59d632adfc2787e4643f6632fd80f7e10b4fabbdf4cda86df29e063e095833920', 'm', 'homosexuel', 48, 0, NULL, 0, NULL, 0, '29/10/2016 15:30:10', '29/10/2016 15:30:10'),
(192, 'eloane.olivier@example.com5814a462d0606', 'Goldenduck', 'eloane', 'olivier', 'a61bb64972aec1ae2534556c0d1d12b59d6e06f4a12c5a20873dd61e9cf7d8f59d632adfc2787e4643f6632fd80f7e10b4fabbdf4cda86df29e063e095833920', 'f', 'bisexuel', 23, 0, NULL, 0, NULL, 0, '29/10/2016 15:30:10', '29/10/2016 15:30:10'),
(193, 'enzo.martin@example.com5814a462f16fa', 'Crazysnake', 'enzo', 'martin', 'a61bb64972aec1ae2534556c0d1d12b59d6e06f4a12c5a20873dd61e9cf7d8f59d632adfc2787e4643f6632fd80f7e10b4fabbdf4cda86df29e063e095833920', 'm', 'hetero', 27, 0, NULL, 0, NULL, 0, '29/10/2016 15:30:11', '29/10/2016 15:30:11'),
(194, 'damien.bourgeois@example.com5814a46320504', 'Greenswan', 'damien', 'bourgeois', 'a61bb64972aec1ae2534556c0d1d12b59d6e06f4a12c5a20873dd61e9cf7d8f59d632adfc2787e4643f6632fd80f7e10b4fabbdf4cda86df29e063e095833920', 'm', 'homosexuel', 55, 0, NULL, 0, NULL, 0, '29/10/2016 15:30:11', '29/10/2016 15:30:11'),
(195, 'johan.bernard@example.com5814a46343171', 'Tinyladybug', 'johan', 'bernard', 'a61bb64972aec1ae2534556c0d1d12b59d6e06f4a12c5a20873dd61e9cf7d8f59d632adfc2787e4643f6632fd80f7e10b4fabbdf4cda86df29e063e095833920', 'm', 'hetero', 31, 0, NULL, 0, NULL, 0, '29/10/2016 15:30:11', '29/10/2016 15:30:11'),
(196, 'eloane.faure@example.com5814a4636930c', 'Yellowbird', 'eloane', 'faure', 'a61bb64972aec1ae2534556c0d1d12b59d6e06f4a12c5a20873dd61e9cf7d8f59d632adfc2787e4643f6632fd80f7e10b4fabbdf4cda86df29e063e095833920', 'f', 'bisexuel', 49, 0, NULL, 0, NULL, 0, '29/10/2016 15:30:11', '29/10/2016 15:30:11'),
(197, 'matthieu.aubert@example.com5814a4638b554', 'Goldentiger', 'matthieu', 'aubert', 'a61bb64972aec1ae2534556c0d1d12b59d6e06f4a12c5a20873dd61e9cf7d8f59d632adfc2787e4643f6632fd80f7e10b4fabbdf4cda86df29e063e095833920', 'm', 'bisexuel', 60, 0, NULL, 0, NULL, 0, '29/10/2016 15:30:11', '29/10/2016 15:30:11'),
(198, 'elise.perrin@example.com5814a463b4848', 'Organicgorilla', 'elise', 'perrin', 'a61bb64972aec1ae2534556c0d1d12b59d6e06f4a12c5a20873dd61e9cf7d8f59d632adfc2787e4643f6632fd80f7e10b4fabbdf4cda86df29e063e095833920', 'f', 'bisexuel', 59, 0, NULL, 0, NULL, 0, '29/10/2016 15:30:11', '29/10/2016 15:30:11'),
(199, 'gauthier.faure@example.com5814a463d866e', 'Ticklishelephant', 'gauthier', 'faure', 'a61bb64972aec1ae2534556c0d1d12b59d6e06f4a12c5a20873dd61e9cf7d8f59d632adfc2787e4643f6632fd80f7e10b4fabbdf4cda86df29e063e095833920', 'm', 'homosexuel', 60, 0, NULL, 0, NULL, 0, '29/10/2016 15:30:12', '29/10/2016 15:30:12'),
(200, 'louis.sanchez@example.com5814a46407123', 'Orangeladybug', 'louis', 'sanchez', 'a61bb64972aec1ae2534556c0d1d12b59d6e06f4a12c5a20873dd61e9cf7d8f59d632adfc2787e4643f6632fd80f7e10b4fabbdf4cda86df29e063e095833920', 'm', 'hetero', 48, 0, NULL, 0, NULL, 0, '29/10/2016 15:30:12', '29/10/2016 15:30:12'),
(201, 'timothee.duval@example.com5814a4642ae63', 'Beautifulcat', 'timothee', 'duval', 'a61bb64972aec1ae2534556c0d1d12b59d6e06f4a12c5a20873dd61e9cf7d8f59d632adfc2787e4643f6632fd80f7e10b4fabbdf4cda86df29e063e095833920', 'm', 'hetero', 43, 0, NULL, 0, NULL, 0, '29/10/2016 15:30:12', '29/10/2016 15:30:12'),
(202, 'timothe.schmitt@example.com5814a4644cf69', 'Crazypanda', 'timothe', 'schmitt', 'a61bb64972aec1ae2534556c0d1d12b59d6e06f4a12c5a20873dd61e9cf7d8f59d632adfc2787e4643f6632fd80f7e10b4fabbdf4cda86df29e063e095833920', 'm', 'bisexuel', 44, 0, NULL, 0, NULL, 0, '29/10/2016 15:30:12', '29/10/2016 15:30:12'),
(203, 'bérénice.dubois@example.com5814a4647030e', 'Goldenfish', 'bérénice', 'dubois', 'a61bb64972aec1ae2534556c0d1d12b59d6e06f4a12c5a20873dd61e9cf7d8f59d632adfc2787e4643f6632fd80f7e10b4fabbdf4cda86df29e063e095833920', 'f', 'hetero', 25, 0, NULL, 0, NULL, 0, '29/10/2016 15:30:12', '29/10/2016 15:30:12'),
(204, 'louna.gerard@example.com5814a464940b5', 'Yellowmeercat', 'louna', 'gerard', 'a61bb64972aec1ae2534556c0d1d12b59d6e06f4a12c5a20873dd61e9cf7d8f59d632adfc2787e4643f6632fd80f7e10b4fabbdf4cda86df29e063e095833920', 'f', 'bisexuel', 48, 0, NULL, 0, NULL, 0, '29/10/2016 15:30:12', '29/10/2016 15:30:12'),
(205, 'maël.laurent@example.com5814a464b79b9', 'Beautifulrabbit', 'maël', 'laurent', 'a61bb64972aec1ae2534556c0d1d12b59d6e06f4a12c5a20873dd61e9cf7d8f59d632adfc2787e4643f6632fd80f7e10b4fabbdf4cda86df29e063e095833920', 'm', 'bisexuel', 55, 0, NULL, 0, NULL, 0, '29/10/2016 15:30:12', '29/10/2016 15:30:12'),
(206, 'noélie.rousseau@example.com5814a464d8ec5', 'Yellowcat', 'noélie', 'rousseau', 'a61bb64972aec1ae2534556c0d1d12b59d6e06f4a12c5a20873dd61e9cf7d8f59d632adfc2787e4643f6632fd80f7e10b4fabbdf4cda86df29e063e095833920', 'f', 'homosexuel', 29, 0, NULL, 0, NULL, 0, '29/10/2016 15:30:13', '29/10/2016 15:30:13'),
(207, 'elsa.roche@example.com5814a465063c0', 'Crazyladybug', 'elsa', 'roche', 'a61bb64972aec1ae2534556c0d1d12b59d6e06f4a12c5a20873dd61e9cf7d8f59d632adfc2787e4643f6632fd80f7e10b4fabbdf4cda86df29e063e095833920', 'f', 'bisexuel', 51, 0, NULL, 0, NULL, 0, '29/10/2016 15:30:13', '29/10/2016 15:30:13');
INSERT INTO `users` (`id`, `mail`, `nickname`, `name`, `lastname`, `passwd`, `gender`, `orientation`, `age`, `popularity`, `last_seen`, `isConnected`, `salt`, `isAdmin`, `created_at`, `updated_at`) VALUES
(208, 'eléonore.brun@example.com5814a4652ad03', 'Beautifulbear', 'eléonore', 'brun', 'a61bb64972aec1ae2534556c0d1d12b59d6e06f4a12c5a20873dd61e9cf7d8f59d632adfc2787e4643f6632fd80f7e10b4fabbdf4cda86df29e063e095833920', 'f', 'hetero', 36, 0, NULL, 0, NULL, 0, '29/10/2016 15:30:13', '29/10/2016 15:30:13'),
(209, 'alexis.leclerc@example.com5814a465986b4', 'Lazypanda', 'alexis', 'leclerc', 'a61bb64972aec1ae2534556c0d1d12b59d6e06f4a12c5a20873dd61e9cf7d8f59d632adfc2787e4643f6632fd80f7e10b4fabbdf4cda86df29e063e095833920', 'm', 'hetero', 58, 0, NULL, 0, NULL, 0, '29/10/2016 15:30:13', '29/10/2016 15:30:13'),
(210, 'charly.nicolas@example.com5814a465bc6cf', 'Blacksnake', 'charly', 'nicolas', 'a61bb64972aec1ae2534556c0d1d12b59d6e06f4a12c5a20873dd61e9cf7d8f59d632adfc2787e4643f6632fd80f7e10b4fabbdf4cda86df29e063e095833920', 'm', 'bisexuel', 32, 0, NULL, 0, NULL, 0, '29/10/2016 15:30:13', '29/10/2016 15:30:13'),
(211, 'maëlys.arnaud@example.com5814a465df1ac', 'Purplerabbit', 'maëlys', 'arnaud', 'a61bb64972aec1ae2534556c0d1d12b59d6e06f4a12c5a20873dd61e9cf7d8f59d632adfc2787e4643f6632fd80f7e10b4fabbdf4cda86df29e063e095833920', 'f', 'bisexuel', 56, 0, NULL, 0, NULL, 0, '29/10/2016 15:30:14', '29/10/2016 15:30:14'),
(212, 'margot.durand@example.com5814a4660f66d', 'Redbutterfly', 'margot', 'durand', 'a61bb64972aec1ae2534556c0d1d12b59d6e06f4a12c5a20873dd61e9cf7d8f59d632adfc2787e4643f6632fd80f7e10b4fabbdf4cda86df29e063e095833920', 'f', 'bisexuel', 59, 0, NULL, 0, NULL, 0, '29/10/2016 15:30:14', '29/10/2016 15:30:14'),
(213, 'oscar.dupont@example.com5814a466340e7', 'Bluewolf', 'oscar', 'dupont', 'a61bb64972aec1ae2534556c0d1d12b59d6e06f4a12c5a20873dd61e9cf7d8f59d632adfc2787e4643f6632fd80f7e10b4fabbdf4cda86df29e063e095833920', 'm', 'bisexuel', 33, 0, NULL, 0, NULL, 0, '29/10/2016 15:30:14', '29/10/2016 15:30:14'),
(214, 'louka.robin@example.com5814a46656bbc', 'Whitecat', 'louka', 'robin', 'a61bb64972aec1ae2534556c0d1d12b59d6e06f4a12c5a20873dd61e9cf7d8f59d632adfc2787e4643f6632fd80f7e10b4fabbdf4cda86df29e063e095833920', 'm', 'bisexuel', 49, 0, NULL, 0, NULL, 0, '29/10/2016 15:30:14', '29/10/2016 15:30:14'),
(215, 'jade.bonnet@example.com5814a4667b156', 'Redbird', 'jade', 'bonnet', 'a61bb64972aec1ae2534556c0d1d12b59d6e06f4a12c5a20873dd61e9cf7d8f59d632adfc2787e4643f6632fd80f7e10b4fabbdf4cda86df29e063e095833920', 'f', 'homosexuel', 22, 0, NULL, 0, NULL, 0, '29/10/2016 15:30:14', '29/10/2016 15:30:14'),
(216, 'alicia.moreau@example.com5814a466a0086', 'Heavymeercat', 'alicia', 'moreau', 'a61bb64972aec1ae2534556c0d1d12b59d6e06f4a12c5a20873dd61e9cf7d8f59d632adfc2787e4643f6632fd80f7e10b4fabbdf4cda86df29e063e095833920', 'f', 'homosexuel', 29, 0, NULL, 0, NULL, 0, '29/10/2016 15:30:14', '29/10/2016 15:30:14'),
(217, 'yann.hubert@example.com5814a466c35ee', 'Purpledog', 'yann', 'hubert', 'a61bb64972aec1ae2534556c0d1d12b59d6e06f4a12c5a20873dd61e9cf7d8f59d632adfc2787e4643f6632fd80f7e10b4fabbdf4cda86df29e063e095833920', 'm', 'hetero', 22, 0, NULL, 0, NULL, 0, '29/10/2016 15:30:14', '29/10/2016 15:30:14'),
(218, 'jeanne.aubert@example.com5814a466e478c', 'Purplegoose', 'jeanne', 'aubert', 'a61bb64972aec1ae2534556c0d1d12b59d6e06f4a12c5a20873dd61e9cf7d8f59d632adfc2787e4643f6632fd80f7e10b4fabbdf4cda86df29e063e095833920', 'f', 'bisexuel', 40, 0, NULL, 0, NULL, 0, '29/10/2016 15:30:15', '29/10/2016 15:30:15'),
(219, 'ethan.robert@example.com5814a467127ec', 'Beautifulelephant', 'ethan', 'robert', 'a61bb64972aec1ae2534556c0d1d12b59d6e06f4a12c5a20873dd61e9cf7d8f59d632adfc2787e4643f6632fd80f7e10b4fabbdf4cda86df29e063e095833920', 'm', 'homosexuel', 47, 0, NULL, 0, NULL, 0, '29/10/2016 15:30:15', '29/10/2016 15:30:15'),
(220, 'hadrien.colin@example.com5814a467362c5', 'Yellowbird', 'hadrien', 'colin', 'a61bb64972aec1ae2534556c0d1d12b59d6e06f4a12c5a20873dd61e9cf7d8f59d632adfc2787e4643f6632fd80f7e10b4fabbdf4cda86df29e063e095833920', 'm', 'homosexuel', 37, 0, NULL, 0, NULL, 0, '29/10/2016 15:30:15', '29/10/2016 15:30:15'),
(221, 'tom.brunet@example.com5814a46757dbb', 'Silverdog', 'tom', 'brunet', 'a61bb64972aec1ae2534556c0d1d12b59d6e06f4a12c5a20873dd61e9cf7d8f59d632adfc2787e4643f6632fd80f7e10b4fabbdf4cda86df29e063e095833920', 'm', 'homosexuel', 40, 0, NULL, 0, NULL, 0, '29/10/2016 15:30:15', '29/10/2016 15:30:15'),
(222, 'elisa.jean@example.com5814a4677a35d', 'Beautifulpanda', 'elisa', 'jean', 'a61bb64972aec1ae2534556c0d1d12b59d6e06f4a12c5a20873dd61e9cf7d8f59d632adfc2787e4643f6632fd80f7e10b4fabbdf4cda86df29e063e095833920', 'f', 'homosexuel', 26, 0, NULL, 0, NULL, 0, '29/10/2016 15:30:15', '29/10/2016 15:30:15'),
(223, 'alyssa.guillot@example.com5814a4679daa8', 'Whiteleopard', 'alyssa', 'guillot', 'a61bb64972aec1ae2534556c0d1d12b59d6e06f4a12c5a20873dd61e9cf7d8f59d632adfc2787e4643f6632fd80f7e10b4fabbdf4cda86df29e063e095833920', 'f', 'homosexuel', 40, 0, NULL, 0, NULL, 0, '29/10/2016 15:30:15', '29/10/2016 15:30:15'),
(224, 'ezio.francois@example.com5814a467c279d', 'Brownelephant', 'ezio', 'francois', 'a61bb64972aec1ae2534556c0d1d12b59d6e06f4a12c5a20873dd61e9cf7d8f59d632adfc2787e4643f6632fd80f7e10b4fabbdf4cda86df29e063e095833920', 'm', 'hetero', 43, 0, NULL, 0, NULL, 0, '29/10/2016 15:30:15', '29/10/2016 15:30:15'),
(225, 'auguste.garnier@example.com5814a467e4899', 'Bigfrog', 'auguste', 'garnier', 'a61bb64972aec1ae2534556c0d1d12b59d6e06f4a12c5a20873dd61e9cf7d8f59d632adfc2787e4643f6632fd80f7e10b4fabbdf4cda86df29e063e095833920', 'm', 'hetero', 28, 0, NULL, 0, NULL, 0, '29/10/2016 15:30:16', '29/10/2016 15:30:16'),
(226, 'lilou.guillaume@example.com5814a46814ec1', 'Browndog', 'lilou', 'guillaume', 'a61bb64972aec1ae2534556c0d1d12b59d6e06f4a12c5a20873dd61e9cf7d8f59d632adfc2787e4643f6632fd80f7e10b4fabbdf4cda86df29e063e095833920', 'f', 'homosexuel', 18, 0, NULL, 0, NULL, 0, '29/10/2016 15:30:16', '29/10/2016 15:30:16'),
(227, 'louna.olivier@example.com5814a46837476', 'Yellowkoala', 'louna', 'olivier', 'a61bb64972aec1ae2534556c0d1d12b59d6e06f4a12c5a20873dd61e9cf7d8f59d632adfc2787e4643f6632fd80f7e10b4fabbdf4cda86df29e063e095833920', 'f', 'hetero', 34, 0, NULL, 0, NULL, 0, '29/10/2016 15:30:16', '29/10/2016 15:30:16'),
(228, 'melvin.faure@example.com5814a46859dd2', 'Beautifulfish', 'melvin', 'faure', 'a61bb64972aec1ae2534556c0d1d12b59d6e06f4a12c5a20873dd61e9cf7d8f59d632adfc2787e4643f6632fd80f7e10b4fabbdf4cda86df29e063e095833920', 'm', 'bisexuel', 47, 0, NULL, 0, NULL, 0, '29/10/2016 15:30:16', '29/10/2016 15:30:16'),
(229, 'alizee.brun@example.com5814a4687c41b', 'Silverpeacock', 'alizee', 'brun', 'a61bb64972aec1ae2534556c0d1d12b59d6e06f4a12c5a20873dd61e9cf7d8f59d632adfc2787e4643f6632fd80f7e10b4fabbdf4cda86df29e063e095833920', 'f', 'homosexuel', 53, 0, NULL, 0, NULL, 0, '29/10/2016 15:30:16', '29/10/2016 15:30:16'),
(230, 'noah.dumas@example.com5814a4689e699', 'Tinyladybug', 'noah', 'dumas', 'a61bb64972aec1ae2534556c0d1d12b59d6e06f4a12c5a20873dd61e9cf7d8f59d632adfc2787e4643f6632fd80f7e10b4fabbdf4cda86df29e063e095833920', 'm', 'homosexuel', 59, 0, NULL, 0, NULL, 0, '29/10/2016 15:30:16', '29/10/2016 15:30:16'),
(231, 'lola.barbier@example.com5814a468c0de5', 'Beautifulmouse', 'lola', 'barbier', 'a61bb64972aec1ae2534556c0d1d12b59d6e06f4a12c5a20873dd61e9cf7d8f59d632adfc2787e4643f6632fd80f7e10b4fabbdf4cda86df29e063e095833920', 'f', 'bisexuel', 20, 0, NULL, 0, NULL, 0, '29/10/2016 15:30:16', '29/10/2016 15:30:16'),
(232, 'eloane.schmitt@example.com5814a468e2ba6', 'Lazymeercat', 'eloane', 'schmitt', 'a61bb64972aec1ae2534556c0d1d12b59d6e06f4a12c5a20873dd61e9cf7d8f59d632adfc2787e4643f6632fd80f7e10b4fabbdf4cda86df29e063e095833920', 'f', 'homosexuel', 48, 0, NULL, 0, NULL, 0, '29/10/2016 15:30:17', '29/10/2016 15:30:17'),
(233, 'capucine.renard@example.com5814a469109b3', 'Organicleopard', 'capucine', 'renard', 'a61bb64972aec1ae2534556c0d1d12b59d6e06f4a12c5a20873dd61e9cf7d8f59d632adfc2787e4643f6632fd80f7e10b4fabbdf4cda86df29e063e095833920', 'f', 'homosexuel', 55, 0, NULL, 0, NULL, 0, '29/10/2016 15:30:17', '29/10/2016 15:30:17'),
(234, 'erwan.guillaume@example.com5814a469333b0', 'Yellowbear', 'erwan', 'guillaume', 'a61bb64972aec1ae2534556c0d1d12b59d6e06f4a12c5a20873dd61e9cf7d8f59d632adfc2787e4643f6632fd80f7e10b4fabbdf4cda86df29e063e095833920', 'm', 'bisexuel', 51, 0, NULL, 0, NULL, 0, '29/10/2016 15:30:17', '29/10/2016 15:30:17'),
(235, 'maélie.leclercq@example.com5814a46958a7f', 'Ticklishmeercat', 'maélie', 'leclercq', 'a61bb64972aec1ae2534556c0d1d12b59d6e06f4a12c5a20873dd61e9cf7d8f59d632adfc2787e4643f6632fd80f7e10b4fabbdf4cda86df29e063e095833920', 'f', 'homosexuel', 50, 0, NULL, 0, NULL, 0, '29/10/2016 15:30:17', '29/10/2016 15:30:17'),
(236, 'owen.philippe@example.com5814a4697ae66', 'Ticklishpeacock', 'owen', 'philippe', 'a61bb64972aec1ae2534556c0d1d12b59d6e06f4a12c5a20873dd61e9cf7d8f59d632adfc2787e4643f6632fd80f7e10b4fabbdf4cda86df29e063e095833920', 'm', 'hetero', 20, 0, NULL, 0, NULL, 0, '29/10/2016 15:30:17', '29/10/2016 15:30:17'),
(237, 'timeo.legall@example.com5814a469aa3ba', 'Blackwolf', 'timeo', 'le gall', 'a61bb64972aec1ae2534556c0d1d12b59d6e06f4a12c5a20873dd61e9cf7d8f59d632adfc2787e4643f6632fd80f7e10b4fabbdf4cda86df29e063e095833920', 'm', 'hetero', 47, 0, NULL, 0, NULL, 0, '29/10/2016 15:30:17', '29/10/2016 15:30:17'),
(238, 'dorian.hubert@example.com5814a469cd69e', 'Beautifulladybug', 'dorian', 'hubert', 'a61bb64972aec1ae2534556c0d1d12b59d6e06f4a12c5a20873dd61e9cf7d8f59d632adfc2787e4643f6632fd80f7e10b4fabbdf4cda86df29e063e095833920', 'm', 'bisexuel', 27, 0, NULL, 0, NULL, 0, '29/10/2016 15:30:17', '29/10/2016 15:30:17'),
(239, 'naël.lucas@example.com5814a469f0b66', 'Ticklishbear', 'naël', 'lucas', 'a61bb64972aec1ae2534556c0d1d12b59d6e06f4a12c5a20873dd61e9cf7d8f59d632adfc2787e4643f6632fd80f7e10b4fabbdf4cda86df29e063e095833920', 'm', 'bisexuel', 30, 0, NULL, 0, NULL, 0, '29/10/2016 15:30:18', '29/10/2016 15:30:18'),
(240, 'lana.marie@example.com5814a46a2033d', 'Orangeleopard', 'lana', 'marie', 'a61bb64972aec1ae2534556c0d1d12b59d6e06f4a12c5a20873dd61e9cf7d8f59d632adfc2787e4643f6632fd80f7e10b4fabbdf4cda86df29e063e095833920', 'f', 'hetero', 56, 0, NULL, 0, NULL, 0, '29/10/2016 15:30:18', '29/10/2016 15:30:18'),
(241, 'lyna.lambert@example.com5814a46a42ae6', 'Beautifuldog', 'lyna', 'lambert', 'a61bb64972aec1ae2534556c0d1d12b59d6e06f4a12c5a20873dd61e9cf7d8f59d632adfc2787e4643f6632fd80f7e10b4fabbdf4cda86df29e063e095833920', 'f', 'bisexuel', 35, 0, NULL, 0, NULL, 0, '29/10/2016 15:30:18', '29/10/2016 15:30:18'),
(242, 'zoé.bertrand@example.com5814a46a6598e', 'Bigswan', 'zoé', 'bertrand', 'a61bb64972aec1ae2534556c0d1d12b59d6e06f4a12c5a20873dd61e9cf7d8f59d632adfc2787e4643f6632fd80f7e10b4fabbdf4cda86df29e063e095833920', 'f', 'homosexuel', 20, 0, NULL, 0, NULL, 0, '29/10/2016 15:30:18', '29/10/2016 15:30:18'),
(243, 'perceval@gmail.fr', 'Perceval', 'Perceval', 'Perceval', '4925da7da7a56260baf1c37925a8fa24e46ad8b107dcd21f44e39e4751bae1304fc70de7acb847ffa96126bb372de005f5320f1ede6f9df07c7d53f9c160f022', 'm', 'hetero', 18, 140, '31/10/2016 15:28:07', 0, NULL, 0, '29/10/2016 15:30:18', '29/10/2016 15:30:18'),
(244, 'arthur@gmail.fr', 'Arthur', 'Arthur', 'Arthur', '4925da7da7a56260baf1c37925a8fa24e46ad8b107dcd21f44e39e4751bae1304fc70de7acb847ffa96126bb372de005f5320f1ede6f9df07c7d53f9c160f022', 'm', 'hetero', 19, 0, NULL, 0, NULL, 0, '29/10/2016 15:30:18', '29/10/2016 15:30:18'),
(245, 'damedulac@gmail.fr', 'Dame du lac', 'Dame du lac', 'Dame du lac', '4925da7da7a56260baf1c37925a8fa24e46ad8b107dcd21f44e39e4751bae1304fc70de7acb847ffa96126bb372de005f5320f1ede6f9df07c7d53f9c160f022', 'f', 'hetero', 28, 0, NULL, 0, NULL, 0, '29/10/2016 15:30:18', '29/10/2016 15:30:18'),
(246, 'karadoc@gmail.fr', 'Karadoc', 'Karadoc', 'Karadoc', '4925da7da7a56260baf1c37925a8fa24e46ad8b107dcd21f44e39e4751bae1304fc70de7acb847ffa96126bb372de005f5320f1ede6f9df07c7d53f9c160f022', 'm', 'hetero', 35, 0, NULL, 0, NULL, 0, '29/10/2016 15:30:18', '29/10/2016 15:30:18'),
(247, 'guenievre@gmail.fr', 'Guenievre', 'Guenievre', 'Guenievre', '4925da7da7a56260baf1c37925a8fa24e46ad8b107dcd21f44e39e4751bae1304fc70de7acb847ffa96126bb372de005f5320f1ede6f9df07c7d53f9c160f022', 'f', 'hetero', 25, 0, NULL, 0, NULL, 0, '29/10/2016 15:30:18', '29/10/2016 15:30:18'),
(248, 'lancelot@gmail.fr', 'Lancelot', 'Lancelot', 'Lancelot', '4925da7da7a56260baf1c37925a8fa24e46ad8b107dcd21f44e39e4751bae1304fc70de7acb847ffa96126bb372de005f5320f1ede6f9df07c7d53f9c160f022', 'f', 'bisexuel', 40, 0, '31/10/2016 17:57:48', 0, NULL, 0, '29/10/2016 15:30:18', '29/10/2016 15:30:18'),
(249, 'merlin@gmail.fr', 'Merlin', 'Merlin', 'Merlin', '4925da7da7a56260baf1c37925a8fa24e46ad8b107dcd21f44e39e4751bae1304fc70de7acb847ffa96126bb372de005f5320f1ede6f9df07c7d53f9c160f022', 'm', 'bisexuel', 50, 0, NULL, 0, NULL, 0, '29/10/2016 15:30:18', '29/10/2016 15:30:18'),
(250, 'leodagan@gmail.fr', 'Leodagan', 'Leodagan', 'Leodagan', '4925da7da7a56260baf1c37925a8fa24e46ad8b107dcd21f44e39e4751bae1304fc70de7acb847ffa96126bb372de005f5320f1ede6f9df07c7d53f9c160f022', 'm', 'bisexuel', 19, 0, NULL, 0, NULL, 0, '29/10/2016 15:30:18', '29/10/2016 15:30:18'),
(251, 'bohort@gmail.fr', 'Bohort', 'Bohort', 'Bohort', '4925da7da7a56260baf1c37925a8fa24e46ad8b107dcd21f44e39e4751bae1304fc70de7acb847ffa96126bb372de005f5320f1ede6f9df07c7d53f9c160f022', 'f', 'bisexuel', 23, 0, NULL, 0, NULL, 0, '29/10/2016 15:30:18', '29/10/2016 15:30:18'),
(252, 'angharad@gmail.fr', 'Angharad', 'Angharad', 'Angharad', '4925da7da7a56260baf1c37925a8fa24e46ad8b107dcd21f44e39e4751bae1304fc70de7acb847ffa96126bb372de005f5320f1ede6f9df07c7d53f9c160f022', 'f', 'homosexuel', 30, 0, NULL, 0, NULL, 0, '29/10/2016 15:30:18', '29/10/2016 15:30:18'),
(253, 'aelis@gmail.fr', 'Aelis', 'Aelis', 'Aelis', '4925da7da7a56260baf1c37925a8fa24e46ad8b107dcd21f44e39e4751bae1304fc70de7acb847ffa96126bb372de005f5320f1ede6f9df07c7d53f9c160f022', 'f', 'homosexuel', 25, 0, NULL, 0, NULL, 0, '29/10/2016 15:30:18', '29/10/2016 15:30:18'),
(254, 'blaise@gmail.fr', 'Blaise', 'Blaise', 'Blaise', '4925da7da7a56260baf1c37925a8fa24e46ad8b107dcd21f44e39e4751bae1304fc70de7acb847ffa96126bb372de005f5320f1ede6f9df07c7d53f9c160f022', 'm', 'homosexuel', 35, 0, NULL, 0, NULL, 0, '29/10/2016 15:30:18', '29/10/2016 15:30:18'),
(255, 'leroiburgonde@gmail.fr', 'Le roi burgonde', 'Le roi burgonde', 'Le roi burgonde', '4925da7da7a56260baf1c37925a8fa24e46ad8b107dcd21f44e39e4751bae1304fc70de7acb847ffa96126bb372de005f5320f1ede6f9df07c7d53f9c160f022', 'm', 'homosexuel', 41, 0, NULL, 0, NULL, 0, '29/10/2016 15:30:18', '29/10/2016 15:30:18'),
(256, 'cesar@gmail', 'Cesar', 'Cesar', 'Cesar', '4925da7da7a56260baf1c37925a8fa24e46ad8b107dcd21f44e39e4751bae1304fc70de7acb847ffa96126bb372de005f5320f1ede6f9df07c7d53f9c160f022', 'f', 'homosexuel', 18, 0, NULL, 0, NULL, 0, '29/10/2016 15:30:18', '29/10/2016 15:30:18'),
(257, 'caius@gmail', 'Caius', 'Caius', 'Caius', '4925da7da7a56260baf1c37925a8fa24e46ad8b107dcd21f44e39e4751bae1304fc70de7acb847ffa96126bb372de005f5320f1ede6f9df07c7d53f9c160f022', 'f', 'hetero', 19, 25, NULL, 0, NULL, 0, '29/10/2016 15:30:18', '29/10/2016 15:30:18'),
(258, 'demetra@gmail', 'Demetra', 'Demetra', 'Demetra', '4925da7da7a56260baf1c37925a8fa24e46ad8b107dcd21f44e39e4751bae1304fc70de7acb847ffa96126bb372de005f5320f1ede6f9df07c7d53f9c160f022', 'f', 'hetero', 24, 30, '29/10/2016 16:03:03', 1, NULL, 0, '29/10/2016 15:30:18', '29/10/2016 15:30:18'),
(259, 'ellias@gmail', 'Ellias', 'Ellias', 'Ellias', '4925da7da7a56260baf1c37925a8fa24e46ad8b107dcd21f44e39e4751bae1304fc70de7acb847ffa96126bb372de005f5320f1ede6f9df07c7d53f9c160f022', 'm', 'hetero', 29, 0, NULL, 0, NULL, 0, '29/10/2016 15:30:18', '29/10/2016 15:30:18'),
(260, 'gauvain@gmail', 'Gauvain', 'Gauvain', 'Gauvain', '4925da7da7a56260baf1c37925a8fa24e46ad8b107dcd21f44e39e4751bae1304fc70de7acb847ffa96126bb372de005f5320f1ede6f9df07c7d53f9c160f022', 'm', 'hetero', 36, 0, NULL, 0, NULL, 0, '29/10/2016 15:30:18', '29/10/2016 15:30:18'),
(262, 'yvain@gmail', 'Yvain', 'Yvain', 'Yvain', '4925da7da7a56260baf1c37925a8fa24e46ad8b107dcd21f44e39e4751bae1304fc70de7acb847ffa96126bb372de005f5320f1ede6f9df07c7d53f9c160f022', 'f', 'hetero', 19, 0, NULL, 0, NULL, 0, '29/10/2016 15:30:18', '29/10/2016 15:30:18'),
(263, 'hubertbonisseurdelabath@gmail', 'Hubert Bonisseur de La Bath', 'Hubert Bonisseur de La Bath', 'Hubert Bonisseur de La Bath', '4925da7da7a56260baf1c37925a8fa24e46ad8b107dcd21f44e39e4751bae1304fc70de7acb847ffa96126bb372de005f5320f1ede6f9df07c7d53f9c160f022', 'f', 'homosexuel', 20, 0, NULL, 0, NULL, 0, '29/10/2016 15:30:18', '29/10/2016 15:30:18'),
(264, 'veronicamars@gmail.fr', 'Mars', 'MArs', 'Veronica', 'a61bb64972aec1ae2534556c0d1d12b59d6e06f4a12c5a20873dd61e9cf7d8f59d632adfc2787e4643f6632fd80f7e10b4fabbdf4cda86df29e063e095833920', 'f', 'hetero', 18, 0, '30/10/2016 18:49:56', 1, NULL, 1, '30/10/2016 14:04:18', '30/10/2016 14:04:48'),
(265, 'arya@gmail.fr', 'Arya', 'Stark', 'Arya', 'a61bb64972aec1ae2534556c0d1d12b59d6e06f4a12c5a20873dd61e9cf7d8f59d632adfc2787e4643f6632fd80f7e10b4fabbdf4cda86df29e063e095833920', 'f', 'bisexuel', 18, 225, '31/10/2016 18:04:26', 0, NULL, 1, '31/10/2016 12:28:29', '31/10/2016 16:15:53'),
(266, 'house@gmail.fr', 'House', 'House', 'Docteur', 'a61bb64972aec1ae2534556c0d1d12b59d6e06f4a12c5a20873dd61e9cf7d8f59d632adfc2787e4643f6632fd80f7e10b4fabbdf4cda86df29e063e095833920', 'm', 'bisexuel', 55, 115, '31/10/2016 18:05:20', 0, NULL, 0, '31/10/2016 16:43:25', '31/10/2016 17:38:38'),
(267, 'jessica@gmail.fr', 'Jessica', 'Jones', 'Jessica', 'a61bb64972aec1ae2534556c0d1d12b59d6e06f4a12c5a20873dd61e9cf7d8f59d632adfc2787e4643f6632fd80f7e10b4fabbdf4cda86df29e063e095833920', 'f', 'hetero', 21, 0, '31/10/2016 18:17:36', 1, NULL, 0, '31/10/2016 18:05:06', '31/10/2016 18:17:32');

-- --------------------------------------------------------

--
-- Structure de la table `usersblocked`
--

CREATE TABLE `usersblocked` (
  `id` int(11) NOT NULL,
  `id_users` int(11) NOT NULL,
  `id_users_block` int(11) NOT NULL,
  `created_at` varchar(255) NOT NULL,
  `updated_at` varchar(255) NOT NULL
) ENGINE=InnoDB DEFAULT CHARSET=latin1;

--
-- Contenu de la table `usersblocked`
--

INSERT INTO `usersblocked` (`id`, `id_users`, `id_users_block`, `created_at`, `updated_at`) VALUES
(3, 243, 258, '29/10/2016 15:59:55', '29/10/2016 15:59:55'),
(4, 243, 265, '31/10/2016 14:18:20', '31/10/2016 14:18:20');

-- --------------------------------------------------------

--
-- Structure de la table `usersImage`
--

CREATE TABLE `usersImage` (
  `id` int(11) NOT NULL,
  `url` varchar(255) NOT NULL,
  `isprofil` tinyint(4) NOT NULL,
  `id_users` int(11) NOT NULL,
  `created_at` varchar(255) NOT NULL,
  `updated_at` varchar(255) NOT NULL
) ENGINE=InnoDB DEFAULT CHARSET=latin1;

--
-- Contenu de la table `usersImage`
--

INSERT INTO `usersImage` (`id`, `url`, `isprofil`, `id_users`, `created_at`, `updated_at`) VALUES
(34, 'img/5814a44509c9a.jpg', 1, 43, '29/10/2016 15:29:41', '29/10/2016 15:29:41'),
(35, 'img/5814a44546b05.jpg', 1, 44, '29/10/2016 15:29:41', '29/10/2016 15:29:41'),
(36, 'img/5814a4456dfde.jpg', 1, 45, '29/10/2016 15:29:41', '29/10/2016 15:29:41'),
(37, 'img/5814a4459c4b2.jpg', 1, 46, '29/10/2016 15:29:41', '29/10/2016 15:29:41'),
(38, 'img/5814a445ceca4.jpg', 1, 47, '29/10/2016 15:29:41', '29/10/2016 15:29:41'),
(39, 'img/5814a4460acec.jpg', 1, 48, '29/10/2016 15:29:42', '29/10/2016 15:29:42'),
(40, 'img/5814a4463a033.jpg', 1, 49, '29/10/2016 15:29:42', '29/10/2016 15:29:42'),
(41, 'img/5814a44662000.jpg', 1, 50, '29/10/2016 15:29:42', '29/10/2016 15:29:42'),
(42, 'img/5814a4468f031.jpg', 1, 51, '29/10/2016 15:29:42', '29/10/2016 15:29:42'),
(43, 'img/5814a446baaa3.jpg', 1, 52, '29/10/2016 15:29:42', '29/10/2016 15:29:42'),
(44, 'img/5814a446e4195.jpg', 1, 53, '29/10/2016 15:29:43', '29/10/2016 15:29:43'),
(45, 'img/5814a4471eb74.jpg', 1, 54, '29/10/2016 15:29:43', '29/10/2016 15:29:43'),
(46, 'img/5814a4474bfed.jpg', 1, 55, '29/10/2016 15:29:43', '29/10/2016 15:29:43'),
(47, 'img/5814a44779d87.jpg', 1, 56, '29/10/2016 15:29:43', '29/10/2016 15:29:43'),
(48, 'img/5814a447a8ebf.jpg', 1, 57, '29/10/2016 15:29:43', '29/10/2016 15:29:43'),
(49, 'img/5814a447f3c0c.jpg', 1, 58, '29/10/2016 15:29:44', '29/10/2016 15:29:44'),
(50, 'img/5814a44832ffa.jpg', 1, 59, '29/10/2016 15:29:44', '29/10/2016 15:29:44'),
(51, 'img/5814a448cbe0e.jpg', 1, 60, '29/10/2016 15:29:45', '29/10/2016 15:29:45'),
(52, 'img/5814a4490e4a3.jpg', 1, 61, '29/10/2016 15:29:45', '29/10/2016 15:29:45'),
(53, 'img/5814a4494416d.jpg', 1, 62, '29/10/2016 15:29:45', '29/10/2016 15:29:45'),
(54, 'img/5814a4496d05f.jpg', 1, 63, '29/10/2016 15:29:45', '29/10/2016 15:29:45'),
(55, 'img/5814a449a9dba.jpg', 1, 64, '29/10/2016 15:29:46', '29/10/2016 15:29:46'),
(56, 'img/5814a44a249cc.jpg', 1, 65, '29/10/2016 15:29:46', '29/10/2016 15:29:46'),
(57, 'img/5814a44a607f6.jpg', 1, 66, '29/10/2016 15:29:46', '29/10/2016 15:29:46'),
(58, 'img/5814a44a9142a.jpg', 1, 67, '29/10/2016 15:29:46', '29/10/2016 15:29:46'),
(59, 'img/5814a44ac4016.jpg', 1, 68, '29/10/2016 15:29:46', '29/10/2016 15:29:46'),
(60, 'img/5814a44b05270.jpg', 1, 69, '29/10/2016 15:29:47', '29/10/2016 15:29:47'),
(61, 'img/5814a44b315b9.jpg', 1, 70, '29/10/2016 15:29:47', '29/10/2016 15:29:47'),
(62, 'img/5814a44b58001.jpg', 1, 71, '29/10/2016 15:29:47', '29/10/2016 15:29:47'),
(63, 'img/5814a44b84ddd.jpg', 1, 72, '29/10/2016 15:29:47', '29/10/2016 15:29:47'),
(64, 'img/5814a44baf5a7.jpg', 1, 73, '29/10/2016 15:29:47', '29/10/2016 15:29:47'),
(65, 'img/5814a44bdbbe6.jpg', 1, 74, '29/10/2016 15:29:48', '29/10/2016 15:29:48'),
(66, 'img/5814a44c12f5f.jpg', 1, 75, '29/10/2016 15:29:48', '29/10/2016 15:29:48'),
(67, 'img/5814a44c3e342.jpg', 1, 76, '29/10/2016 15:29:48', '29/10/2016 15:29:48'),
(68, 'img/5814a44c637f7.jpg', 1, 77, '29/10/2016 15:29:48', '29/10/2016 15:29:48'),
(69, 'img/5814a44c8dd43.jpg', 1, 78, '29/10/2016 15:29:48', '29/10/2016 15:29:48'),
(70, 'img/5814a44cb5b1f.jpg', 1, 79, '29/10/2016 15:29:48', '29/10/2016 15:29:48'),
(71, 'img/5814a44ce16f8.jpg', 1, 80, '29/10/2016 15:29:49', '29/10/2016 15:29:49'),
(72, 'img/5814a44d1c59f.jpg', 1, 81, '29/10/2016 15:29:49', '29/10/2016 15:29:49'),
(73, 'img/5814a44d4a30b.jpg', 1, 82, '29/10/2016 15:29:49', '29/10/2016 15:29:49'),
(74, 'img/5814a44d80394.jpg', 1, 83, '29/10/2016 15:29:49', '29/10/2016 15:29:49'),
(75, 'img/5814a44da5e43.jpg', 1, 84, '29/10/2016 15:29:49', '29/10/2016 15:29:49'),
(76, 'img/5814a44dd122e.jpg', 1, 85, '29/10/2016 15:29:50', '29/10/2016 15:29:50'),
(77, 'img/5814a44e1038f.jpg', 1, 86, '29/10/2016 15:29:50', '29/10/2016 15:29:50'),
(78, 'img/5814a44e365c2.jpg', 1, 87, '29/10/2016 15:29:50', '29/10/2016 15:29:50'),
(79, 'img/5814a44e62a71.jpg', 1, 88, '29/10/2016 15:29:50', '29/10/2016 15:29:50'),
(80, 'img/5814a44e88a7e.jpg', 1, 89, '29/10/2016 15:29:50', '29/10/2016 15:29:50'),
(81, 'img/5814a44f06ddf.jpg', 1, 90, '29/10/2016 15:29:51', '29/10/2016 15:29:51'),
(82, 'img/5814a44f349c0.jpg', 1, 91, '29/10/2016 15:29:51', '29/10/2016 15:29:51'),
(83, 'img/5814a44fa714d.jpg', 1, 92, '29/10/2016 15:29:51', '29/10/2016 15:29:51'),
(84, 'img/5814a44fe0ceb.jpg', 1, 93, '29/10/2016 15:29:52', '29/10/2016 15:29:52'),
(85, 'img/5814a4501c2c8.jpg', 1, 94, '29/10/2016 15:29:52', '29/10/2016 15:29:52'),
(86, 'img/5814a450714e9.jpg', 1, 95, '29/10/2016 15:29:52', '29/10/2016 15:29:52'),
(87, 'img/5814a450d6bae.jpg', 1, 96, '29/10/2016 15:29:53', '29/10/2016 15:29:53'),
(88, 'img/5814a45131abe.jpg', 1, 97, '29/10/2016 15:29:53', '29/10/2016 15:29:53'),
(89, 'img/5814a4516726e.jpg', 1, 98, '29/10/2016 15:29:53', '29/10/2016 15:29:53'),
(90, 'img/5814a451e30b2.jpg', 1, 99, '29/10/2016 15:29:54', '29/10/2016 15:29:54'),
(91, 'img/5814a45262faf.jpg', 1, 100, '29/10/2016 15:29:54', '29/10/2016 15:29:54'),
(92, 'img/5814a45303e0d.jpg', 1, 101, '29/10/2016 15:29:55', '29/10/2016 15:29:55'),
(93, 'img/5814a45341c34.jpg', 1, 102, '29/10/2016 15:29:55', '29/10/2016 15:29:55'),
(94, 'img/5814a4537740a.jpg', 1, 103, '29/10/2016 15:29:55', '29/10/2016 15:29:55'),
(95, 'img/5814a453a1f0b.jpg', 1, 104, '29/10/2016 15:29:55', '29/10/2016 15:29:55'),
(96, 'img/5814a453ce61e.jpg', 1, 105, '29/10/2016 15:29:55', '29/10/2016 15:29:55'),
(97, 'img/5814a45402c70.jpg', 1, 106, '29/10/2016 15:29:56', '29/10/2016 15:29:56'),
(98, 'img/5814a4543f9d1.jpg', 1, 107, '29/10/2016 15:29:56', '29/10/2016 15:29:56'),
(99, 'img/5814a454a15f5.jpg', 1, 108, '29/10/2016 15:29:56', '29/10/2016 15:29:56'),
(100, 'img/5814a454ddfd5.jpg', 1, 109, '29/10/2016 15:29:57', '29/10/2016 15:29:57'),
(101, 'img/5814a45516fa1.jpg', 1, 110, '29/10/2016 15:29:57', '29/10/2016 15:29:57'),
(102, 'img/5814a4553cb68.jpg', 1, 111, '29/10/2016 15:29:57', '29/10/2016 15:29:57'),
(103, 'img/5814a4556733f.jpg', 1, 112, '29/10/2016 15:29:57', '29/10/2016 15:29:57'),
(104, 'img/5814a4558cf5c.jpg', 1, 113, '29/10/2016 15:29:57', '29/10/2016 15:29:57'),
(105, 'img/5814a455b728c.jpg', 1, 114, '29/10/2016 15:29:57', '29/10/2016 15:29:57'),
(106, 'img/5814a455de177.jpg', 1, 115, '29/10/2016 15:29:58', '29/10/2016 15:29:58'),
(107, 'img/5814a456162e4.jpg', 1, 116, '29/10/2016 15:29:58', '29/10/2016 15:29:58'),
(108, 'img/5814a45645315.jpg', 1, 117, '29/10/2016 15:29:58', '29/10/2016 15:29:58'),
(109, 'img/5814a4566cf5c.jpg', 1, 118, '29/10/2016 15:29:58', '29/10/2016 15:29:58'),
(110, 'img/5814a45692f9f.jpg', 1, 119, '29/10/2016 15:29:58', '29/10/2016 15:29:58'),
(111, 'img/5814a456ba90f.jpg', 1, 120, '29/10/2016 15:29:58', '29/10/2016 15:29:58'),
(112, 'img/5814a45724b80.jpg', 1, 121, '29/10/2016 15:29:59', '29/10/2016 15:29:59'),
(113, 'img/5814a45750ecc.jpg', 1, 122, '29/10/2016 15:29:59', '29/10/2016 15:29:59'),
(114, 'img/5814a4577bc22.jpg', 1, 123, '29/10/2016 15:29:59', '29/10/2016 15:29:59'),
(115, 'img/5814a457a1448.jpg', 1, 124, '29/10/2016 15:29:59', '29/10/2016 15:29:59'),
(116, 'img/5814a457cc6d7.jpg', 1, 125, '29/10/2016 15:29:59', '29/10/2016 15:29:59'),
(117, 'img/5814a457f2074.jpg', 1, 126, '29/10/2016 15:30:00', '29/10/2016 15:30:00'),
(118, 'img/5814a4582526c.jpg', 1, 127, '29/10/2016 15:30:00', '29/10/2016 15:30:00'),
(119, 'img/5814a458501c8.jpg', 1, 128, '29/10/2016 15:30:00', '29/10/2016 15:30:00'),
(120, 'img/5814a45876632.jpg', 1, 129, '29/10/2016 15:30:00', '29/10/2016 15:30:00'),
(121, 'img/5814a458a5135.jpg', 1, 130, '29/10/2016 15:30:00', '29/10/2016 15:30:00'),
(122, 'img/5814a458cb625.jpg', 1, 131, '29/10/2016 15:30:00', '29/10/2016 15:30:00'),
(123, 'img/5814a458ef7cd.jpg', 1, 132, '29/10/2016 15:30:01', '29/10/2016 15:30:01'),
(124, 'img/5814a45923ee9.jpg', 1, 133, '29/10/2016 15:30:01', '29/10/2016 15:30:01'),
(125, 'img/5814a4594aa67.jpg', 1, 134, '29/10/2016 15:30:01', '29/10/2016 15:30:01'),
(126, 'img/5814a45971331.jpg', 1, 135, '29/10/2016 15:30:01', '29/10/2016 15:30:01'),
(127, 'img/5814a45996be1.jpg', 1, 136, '29/10/2016 15:30:01', '29/10/2016 15:30:01'),
(128, 'img/5814a459c4c57.jpg', 1, 137, '29/10/2016 15:30:02', '29/10/2016 15:30:02'),
(129, 'img/5814a45a16d86.jpg', 1, 138, '29/10/2016 15:30:02', '29/10/2016 15:30:02'),
(130, 'img/5814a45a5760a.jpg', 1, 139, '29/10/2016 15:30:02', '29/10/2016 15:30:02'),
(131, 'img/5814a45a85397.jpg', 1, 140, '29/10/2016 15:30:02', '29/10/2016 15:30:02'),
(132, 'img/5814a45ab9980.jpg', 1, 141, '29/10/2016 15:30:02', '29/10/2016 15:30:02'),
(133, 'img/5814a45ae6407.jpg', 1, 142, '29/10/2016 15:30:03', '29/10/2016 15:30:03'),
(134, 'img/5814a45b1959e.jpg', 1, 143, '29/10/2016 15:30:03', '29/10/2016 15:30:03'),
(135, 'img/5814a45b3f164.jpg', 1, 144, '29/10/2016 15:30:03', '29/10/2016 15:30:03'),
(136, 'img/5814a45b646ac.jpg', 1, 145, '29/10/2016 15:30:03', '29/10/2016 15:30:03'),
(137, 'img/5814a45b88fa2.jpg', 1, 146, '29/10/2016 15:30:03', '29/10/2016 15:30:03'),
(138, 'img/5814a45badbee.jpg', 1, 147, '29/10/2016 15:30:03', '29/10/2016 15:30:03'),
(139, 'img/5814a45bd305e.jpg', 1, 148, '29/10/2016 15:30:04', '29/10/2016 15:30:04'),
(140, 'img/5814a45c0682f.jpg', 1, 149, '29/10/2016 15:30:04', '29/10/2016 15:30:04'),
(141, 'img/5814a45c2d0d3.jpg', 1, 150, '29/10/2016 15:30:04', '29/10/2016 15:30:04'),
(142, 'img/5814a45c52963.jpg', 1, 151, '29/10/2016 15:30:04', '29/10/2016 15:30:04'),
(143, 'img/5814a45c78736.jpg', 1, 152, '29/10/2016 15:30:04', '29/10/2016 15:30:04'),
(144, 'img/5814a45c9c2b9.jpg', 1, 153, '29/10/2016 15:30:04', '29/10/2016 15:30:04'),
(145, 'img/5814a45cbff4d.jpg', 1, 154, '29/10/2016 15:30:04', '29/10/2016 15:30:04'),
(146, 'img/5814a45ce44d3.jpg', 1, 155, '29/10/2016 15:30:05', '29/10/2016 15:30:05'),
(147, 'img/5814a45d18484.jpg', 1, 156, '29/10/2016 15:30:05', '29/10/2016 15:30:05'),
(148, 'img/5814a45d4d8e1.jpg', 1, 157, '29/10/2016 15:30:05', '29/10/2016 15:30:05'),
(149, 'img/5814a45d7be32.jpg', 1, 158, '29/10/2016 15:30:05', '29/10/2016 15:30:05'),
(150, 'img/5814a45da5061.jpg', 1, 159, '29/10/2016 15:30:05', '29/10/2016 15:30:05'),
(151, 'img/5814a45dc85ca.jpg', 1, 160, '29/10/2016 15:30:05', '29/10/2016 15:30:05'),
(152, 'img/5814a45deb6f3.jpg', 1, 161, '29/10/2016 15:30:06', '29/10/2016 15:30:06'),
(153, 'img/5814a45e20029.jpg', 1, 162, '29/10/2016 15:30:06', '29/10/2016 15:30:06'),
(154, 'img/5814a45e44119.jpg', 1, 163, '29/10/2016 15:30:06', '29/10/2016 15:30:06'),
(155, 'img/5814a45e66d95.jpg', 1, 164, '29/10/2016 15:30:06', '29/10/2016 15:30:06'),
(156, 'img/5814a45e8a377.jpg', 1, 165, '29/10/2016 15:30:06', '29/10/2016 15:30:06'),
(157, 'img/5814a45eabaf4.jpg', 1, 166, '29/10/2016 15:30:06', '29/10/2016 15:30:06'),
(158, 'img/5814a45ecd5b5.jpg', 1, 167, '29/10/2016 15:30:06', '29/10/2016 15:30:06'),
(159, 'img/5814a45ef03f0.jpg', 1, 168, '29/10/2016 15:30:07', '29/10/2016 15:30:07'),
(160, 'img/5814a45f1fdf3.jpg', 1, 169, '29/10/2016 15:30:07', '29/10/2016 15:30:07'),
(161, 'img/5814a45f49966.jpg', 1, 170, '29/10/2016 15:30:07', '29/10/2016 15:30:07'),
(162, 'img/5814a45f6c1c9.jpg', 1, 171, '29/10/2016 15:30:07', '29/10/2016 15:30:07'),
(163, 'img/5814a45f94b5c.jpg', 1, 172, '29/10/2016 15:30:07', '29/10/2016 15:30:07'),
(164, 'img/5814a45fb8acc.jpg', 1, 173, '29/10/2016 15:30:07', '29/10/2016 15:30:07'),
(165, 'img/5814a45fdc1ce.jpg', 1, 174, '29/10/2016 15:30:08', '29/10/2016 15:30:08'),
(166, 'img/5814a4600c21a.jpg', 1, 175, '29/10/2016 15:30:08', '29/10/2016 15:30:08'),
(167, 'img/5814a46084994.jpg', 1, 176, '29/10/2016 15:30:08', '29/10/2016 15:30:08'),
(168, 'img/5814a460a7a60.jpg', 1, 177, '29/10/2016 15:30:08', '29/10/2016 15:30:08'),
(169, 'img/5814a460cbe36.jpg', 1, 178, '29/10/2016 15:30:08', '29/10/2016 15:30:08'),
(170, 'img/5814a460edd3c.jpg', 1, 179, '29/10/2016 15:30:09', '29/10/2016 15:30:09'),
(171, 'img/5814a4611d7ca.jpg', 1, 180, '29/10/2016 15:30:09', '29/10/2016 15:30:09'),
(172, 'img/5814a46140f66.jpg', 1, 181, '29/10/2016 15:30:09', '29/10/2016 15:30:09'),
(173, 'img/5814a4616385e.jpg', 1, 182, '29/10/2016 15:30:09', '29/10/2016 15:30:09'),
(174, 'img/5814a46187f58.jpg', 1, 183, '29/10/2016 15:30:09', '29/10/2016 15:30:09'),
(175, 'img/5814a461ab888.jpg', 1, 184, '29/10/2016 15:30:09', '29/10/2016 15:30:09'),
(176, 'img/5814a461cf4d0.jpg', 1, 185, '29/10/2016 15:30:09', '29/10/2016 15:30:09'),
(177, 'img/5814a46203d52.jpg', 1, 186, '29/10/2016 15:30:10', '29/10/2016 15:30:10'),
(178, 'img/5814a46225d8f.jpg', 1, 187, '29/10/2016 15:30:10', '29/10/2016 15:30:10'),
(179, 'img/5814a46249fcf.jpg', 1, 188, '29/10/2016 15:30:10', '29/10/2016 15:30:10'),
(180, 'img/5814a4626cac1.jpg', 1, 189, '29/10/2016 15:30:10', '29/10/2016 15:30:10'),
(181, 'img/5814a4628f1e5.jpg', 1, 190, '29/10/2016 15:30:10', '29/10/2016 15:30:10'),
(182, 'img/5814a462b21ec.jpg', 1, 191, '29/10/2016 15:30:10', '29/10/2016 15:30:10'),
(183, 'img/5814a462d3668.jpg', 1, 192, '29/10/2016 15:30:10', '29/10/2016 15:30:10'),
(184, 'img/5814a463010ef.jpg', 1, 193, '29/10/2016 15:30:11', '29/10/2016 15:30:11'),
(185, 'img/5814a4632437b.jpg', 1, 194, '29/10/2016 15:30:11', '29/10/2016 15:30:11'),
(186, 'img/5814a46349273.jpg', 1, 195, '29/10/2016 15:30:11', '29/10/2016 15:30:11'),
(187, 'img/5814a4636d576.jpg', 1, 196, '29/10/2016 15:30:11', '29/10/2016 15:30:11'),
(188, 'img/5814a46394ee8.jpg', 1, 197, '29/10/2016 15:30:11', '29/10/2016 15:30:11'),
(189, 'img/5814a463b9112.jpg', 1, 198, '29/10/2016 15:30:11', '29/10/2016 15:30:11'),
(190, 'img/5814a463dc3b6.jpg', 1, 199, '29/10/2016 15:30:12', '29/10/2016 15:30:12'),
(191, 'img/5814a4640b73d.jpg', 1, 200, '29/10/2016 15:30:12', '29/10/2016 15:30:12'),
(192, 'img/5814a4642f05a.jpg', 1, 201, '29/10/2016 15:30:12', '29/10/2016 15:30:12'),
(193, 'img/5814a464517fc.jpg', 1, 202, '29/10/2016 15:30:12', '29/10/2016 15:30:12'),
(194, 'img/5814a464748dd.jpg', 1, 203, '29/10/2016 15:30:12', '29/10/2016 15:30:12'),
(195, 'img/5814a464976a0.jpg', 1, 204, '29/10/2016 15:30:12', '29/10/2016 15:30:12'),
(196, 'img/5814a464ba9b1.jpg', 1, 205, '29/10/2016 15:30:12', '29/10/2016 15:30:12'),
(197, 'img/5814a464dbc03.jpg', 1, 206, '29/10/2016 15:30:13', '29/10/2016 15:30:13'),
(198, 'img/5814a4650b052.jpg', 1, 207, '29/10/2016 15:30:13', '29/10/2016 15:30:13'),
(199, 'img/5814a4652f04d.jpg', 1, 208, '29/10/2016 15:30:13', '29/10/2016 15:30:13'),
(200, 'img/5814a4659cfb1.jpg', 1, 209, '29/10/2016 15:30:13', '29/10/2016 15:30:13'),
(201, 'img/5814a465c0d7c.jpg', 1, 210, '29/10/2016 15:30:13', '29/10/2016 15:30:13'),
(202, 'img/5814a465e3c42.jpg', 1, 211, '29/10/2016 15:30:14', '29/10/2016 15:30:14'),
(203, 'img/5814a466137de.jpg', 1, 212, '29/10/2016 15:30:14', '29/10/2016 15:30:14'),
(204, 'img/5814a466381cc.jpg', 1, 213, '29/10/2016 15:30:14', '29/10/2016 15:30:14'),
(205, 'img/5814a4665ab2e.jpg', 1, 214, '29/10/2016 15:30:14', '29/10/2016 15:30:14'),
(206, 'img/5814a4667f6fc.jpg', 1, 215, '29/10/2016 15:30:14', '29/10/2016 15:30:14'),
(207, 'img/5814a466a448d.jpg', 1, 216, '29/10/2016 15:30:14', '29/10/2016 15:30:14'),
(208, 'img/5814a466c66e1.jpg', 1, 217, '29/10/2016 15:30:14', '29/10/2016 15:30:14'),
(209, 'img/5814a466e75e1.jpg', 1, 218, '29/10/2016 15:30:15', '29/10/2016 15:30:15'),
(210, 'img/5814a467179f9.jpg', 1, 219, '29/10/2016 15:30:15', '29/10/2016 15:30:15'),
(211, 'img/5814a4673a6a8.jpg', 1, 220, '29/10/2016 15:30:15', '29/10/2016 15:30:15'),
(212, 'img/5814a4675c31a.jpg', 1, 221, '29/10/2016 15:30:15', '29/10/2016 15:30:15'),
(213, 'img/5814a4677e5a3.jpg', 1, 222, '29/10/2016 15:30:15', '29/10/2016 15:30:15'),
(214, 'img/5814a467a1e3b.jpg', 1, 223, '29/10/2016 15:30:15', '29/10/2016 15:30:15'),
(215, 'img/5814a467c6b62.jpg', 1, 224, '29/10/2016 15:30:15', '29/10/2016 15:30:15'),
(216, 'img/5814a467e8b7e.jpg', 1, 225, '29/10/2016 15:30:16', '29/10/2016 15:30:16'),
(217, 'img/5814a46818f7b.jpg', 1, 226, '29/10/2016 15:30:16', '29/10/2016 15:30:16'),
(218, 'img/5814a4683bc41.jpg', 1, 227, '29/10/2016 15:30:16', '29/10/2016 15:30:16'),
(219, 'img/5814a4685e0be.jpg', 1, 228, '29/10/2016 15:30:16', '29/10/2016 15:30:16'),
(220, 'img/5814a4687fd8c.jpg', 1, 229, '29/10/2016 15:30:16', '29/10/2016 15:30:16'),
(221, 'img/5814a468a1606.jpg', 1, 230, '29/10/2016 15:30:16', '29/10/2016 15:30:16'),
(222, 'img/5814a468c4152.jpg', 1, 231, '29/10/2016 15:30:16', '29/10/2016 15:30:16'),
(223, 'img/5814a468e5c7f.jpg', 1, 232, '29/10/2016 15:30:17', '29/10/2016 15:30:17'),
(224, 'img/5814a46915660.jpg', 1, 233, '29/10/2016 15:30:17', '29/10/2016 15:30:17'),
(225, 'img/5814a4693771a.jpg', 1, 234, '29/10/2016 15:30:17', '29/10/2016 15:30:17'),
(226, 'img/5814a4695cf6c.jpg', 1, 235, '29/10/2016 15:30:17', '29/10/2016 15:30:17'),
(227, 'img/5814a4697f515.jpg', 1, 236, '29/10/2016 15:30:17', '29/10/2016 15:30:17'),
(228, 'img/5814a469aed22.jpg', 1, 237, '29/10/2016 15:30:17', '29/10/2016 15:30:17'),
(229, 'img/5814a469d22f9.jpg', 1, 238, '29/10/2016 15:30:17', '29/10/2016 15:30:17'),
(230, 'img/5814a46a00a49.jpg', 1, 239, '29/10/2016 15:30:18', '29/10/2016 15:30:18'),
(231, 'img/5814a46a24d50.jpg', 1, 240, '29/10/2016 15:30:18', '29/10/2016 15:30:18'),
(232, 'img/5814a46a4778a.jpg', 1, 241, '29/10/2016 15:30:18', '29/10/2016 15:30:18'),
(233, 'img/5814a46a6982e.jpg', 1, 242, '29/10/2016 15:30:18', '29/10/2016 15:30:18'),
(234, 'img/perceval.jpg', 1, 243, '29/10/2016 15:30:18', '29/10/2016 15:30:18'),
(235, 'img/arthur.jpg', 1, 244, '29/10/2016 15:30:18', '29/10/2016 15:30:18'),
(236, 'img/damedulac.jpg', 1, 245, '29/10/2016 15:30:18', '29/10/2016 15:30:18'),
(237, 'img/karadoc.jpg', 1, 246, '29/10/2016 15:30:18', '29/10/2016 15:30:18'),
(238, 'img/guenievre.jpg', 1, 247, '29/10/2016 15:30:18', '29/10/2016 15:30:18'),
(239, 'img/lancelot.jpg', 1, 248, '29/10/2016 15:30:18', '29/10/2016 15:30:18'),
(240, 'img/merlin.jpg', 1, 249, '29/10/2016 15:30:18', '29/10/2016 15:30:18'),
(241, 'img/leodagan.jpg', 1, 250, '29/10/2016 15:30:18', '29/10/2016 15:30:18'),
(242, 'img/bohort.jpg', 1, 251, '29/10/2016 15:30:18', '29/10/2016 15:30:18'),
(243, 'img/angharad.jpg', 1, 252, '29/10/2016 15:30:18', '29/10/2016 15:30:18'),
(244, 'img/aelis.jpg', 1, 253, '29/10/2016 15:30:18', '29/10/2016 15:30:18'),
(245, 'img/blaise.jpg', 1, 254, '29/10/2016 15:30:18', '29/10/2016 15:30:18'),
(246, 'img/burgonde.jpg', 1, 255, '29/10/2016 15:30:18', '29/10/2016 15:30:18'),
(247, 'img/cesar.jpg', 1, 256, '29/10/2016 15:30:18', '29/10/2016 15:30:18'),
(248, 'img/caius.jpg', 1, 257, '29/10/2016 15:30:18', '29/10/2016 15:30:18'),
(249, 'img/demetra.jpg', 1, 258, '29/10/2016 15:30:18', '29/10/2016 15:30:18'),
(250, 'img/ellias.jpg', 1, 259, '29/10/2016 15:30:18', '29/10/2016 15:30:18'),
(251, 'img/gauvain.jpg', 1, 260, '29/10/2016 15:30:18', '29/10/2016 15:30:18'),
(253, 'img/yvain.jpg', 1, 262, '29/10/2016 15:30:18', '29/10/2016 15:30:18'),
(254, 'img/bath.jpg', 1, 263, '29/10/2016 15:30:18', '29/10/2016 15:30:18'),
(255, '5815eff08e117.jpeg', 1, 264, '30/10/2016 14:04:48', '30/10/2016 14:04:48'),
(259, '58176029bbf44.jpeg', 1, 265, '31/10/2016 16:15:53', '31/10/2016 16:15:53'),
(260, '5817738eee30b.jpeg', 1, 266, '31/10/2016 17:38:38', '31/10/2016 17:38:38'),
(261, '58177c9c3ab0c.jpeg', 0, 267, '31/10/2016 18:17:16', '31/10/2016 18:17:16'),
(262, '58177cac61a0d.jpeg', 1, 267, '31/10/2016 18:17:32', '31/10/2016 18:17:32');

-- --------------------------------------------------------

--
-- Structure de la table `usersInterest`
--

CREATE TABLE `usersInterest` (
  `id` int(11) NOT NULL,
  `interest` varchar(255) NOT NULL,
  `created_at` varchar(255) NOT NULL,
  `updated_at` varchar(255) NOT NULL
) ENGINE=InnoDB DEFAULT CHARSET=latin1;

--
-- Contenu de la table `usersInterest`
--

INSERT INTO `usersInterest` (`id`, `interest`, `created_at`, `updated_at`) VALUES
(89, 'infirmiere', '29/10/2016 15:29:41', '29/10/2016 15:29:41'),
(90, 'saw', '29/10/2016 15:29:41', '29/10/2016 15:29:41'),
(91, 'lunettes', '29/10/2016 15:29:41', '29/10/2016 15:29:41'),
(92, 'blonde', '29/10/2016 15:29:41', '29/10/2016 15:29:41'),
(93, 'juriste', '29/10/2016 15:29:41', '29/10/2016 15:29:41'),
(94, 'reservoirdog', '29/10/2016 15:29:41', '29/10/2016 15:29:41'),
(95, 'bonbon', '29/10/2016 15:29:41', '29/10/2016 15:29:41'),
(96, 'theitcrowd', '29/10/2016 15:29:41', '29/10/2016 15:29:41'),
(97, 'concerts', '29/10/2016 15:29:41', '29/10/2016 15:29:41'),
(98, 'chats', '29/10/2016 15:29:41', '29/10/2016 15:29:41'),
(99, 'hippiechic', '29/10/2016 15:29:41', '29/10/2016 15:29:41'),
(100, 'lolita', '29/10/2016 15:29:42', '29/10/2016 15:29:42'),
(101, 'piercing', '29/10/2016 15:29:42', '29/10/2016 15:29:42'),
(102, 'flute', '29/10/2016 15:29:42', '29/10/2016 15:29:42'),
(103, 'martinscorsese', '29/10/2016 15:29:42', '29/10/2016 15:29:42'),
(104, 'tennis', '29/10/2016 15:29:42', '29/10/2016 15:29:42'),
(105, 'yodelice', '29/10/2016 15:29:42', '29/10/2016 15:29:42'),
(106, 'danse', '29/10/2016 15:29:42', '29/10/2016 15:29:42'),
(107, 'furet', '29/10/2016 15:29:42', '29/10/2016 15:29:42'),
(108, 'orgueiletprejuges', '29/10/2016 15:29:42', '29/10/2016 15:29:42'),
(109, 'bowling', '29/10/2016 15:29:42', '29/10/2016 15:29:42'),
(110, 'ecumedesjours', '29/10/2016 15:29:42', '29/10/2016 15:29:42'),
(111, 'lecture', '29/10/2016 15:29:42', '29/10/2016 15:29:42'),
(112, 'lavieestbelle', '29/10/2016 15:29:43', '29/10/2016 15:29:43'),
(113, 'brune', '29/10/2016 15:29:43', '29/10/2016 15:29:43'),
(114, 'vegan', '29/10/2016 15:29:43', '29/10/2016 15:29:43'),
(115, 'catamaran', '29/10/2016 15:29:43', '29/10/2016 15:29:43'),
(116, 'badminton', '29/10/2016 15:29:43', '29/10/2016 15:29:43'),
(117, 'gameofthrones', '29/10/2016 15:29:43', '29/10/2016 15:29:43'),
(118, 'planche à voile', '29/10/2016 15:29:43', '29/10/2016 15:29:43'),
(119, 'arrow', '29/10/2016 15:29:43', '29/10/2016 15:29:43'),
(120, 'almodovar', '29/10/2016 15:29:43', '29/10/2016 15:29:43'),
(121, 'sciences', '29/10/2016 15:29:44', '29/10/2016 15:29:44'),
(122, 'hipster', '29/10/2016 15:29:44', '29/10/2016 15:29:44'),
(123, 'comiccon', '29/10/2016 15:29:44', '29/10/2016 15:29:44'),
(124, 'proust', '29/10/2016 15:29:45', '29/10/2016 15:29:45'),
(125, 'cheveuxcourts', '29/10/2016 15:29:45', '29/10/2016 15:29:45'),
(126, 'batondepluie', '29/10/2016 15:29:45', '29/10/2016 15:29:45'),
(127, 'blues', '29/10/2016 15:29:45', '29/10/2016 15:29:45'),
(128, 'nicolasjaar', '29/10/2016 15:29:45', '29/10/2016 15:29:45'),
(129, 'zola', '29/10/2016 15:29:45', '29/10/2016 15:29:45'),
(130, 'timbaland', '29/10/2016 15:29:45', '29/10/2016 15:29:45'),
(131, 'instabouffe', '29/10/2016 15:29:45', '29/10/2016 15:29:45'),
(132, 'voyages', '29/10/2016 15:29:46', '29/10/2016 15:29:46'),
(133, 'piscine', '29/10/2016 15:29:46', '29/10/2016 15:29:46'),
(134, 'cuisine', '29/10/2016 15:29:46', '29/10/2016 15:29:46'),
(135, 'svelte', '29/10/2016 15:29:46', '29/10/2016 15:29:46'),
(136, 'lelivresansnom', '29/10/2016 15:29:46', '29/10/2016 15:29:46'),
(137, 'guitare', '29/10/2016 15:29:46', '29/10/2016 15:29:46'),
(138, 'etudianteinfirmiere', '29/10/2016 15:29:46', '29/10/2016 15:29:46'),
(139, 'cheveuxlongs', '29/10/2016 15:29:46', '29/10/2016 15:29:46'),
(140, 'jazz', '29/10/2016 15:29:46', '29/10/2016 15:29:46'),
(141, 'basket', '29/10/2016 15:29:47', '29/10/2016 15:29:47'),
(142, 'harrypotter', '29/10/2016 15:29:47', '29/10/2016 15:29:47'),
(143, 'menageastiquer', '29/10/2016 15:29:47', '29/10/2016 15:29:47'),
(144, 'athletisme', '29/10/2016 15:29:47', '29/10/2016 15:29:47'),
(145, 'chopin', '29/10/2016 15:29:47', '29/10/2016 15:29:47'),
(146, 'howtomakeitinamerica', '29/10/2016 15:29:47', '29/10/2016 15:29:47'),
(147, 'prisonbreak', '29/10/2016 15:29:47', '29/10/2016 15:29:47'),
(148, 'dessin', '29/10/2016 15:29:48', '29/10/2016 15:29:48'),
(149, 'cancan', '29/10/2016 15:29:48', '29/10/2016 15:29:48'),
(150, 'globetrotter', '29/10/2016 15:29:48', '29/10/2016 15:29:48'),
(151, 'vtt', '29/10/2016 15:29:48', '29/10/2016 15:29:48'),
(152, 'yeuxbleus', '29/10/2016 15:29:48', '29/10/2016 15:29:48'),
(153, 'judo', '29/10/2016 15:29:48', '29/10/2016 15:29:48'),
(154, 'donniedarko', '29/10/2016 15:29:48', '29/10/2016 15:29:48'),
(155, 'hautbois', '29/10/2016 15:29:49', '29/10/2016 15:29:49'),
(156, 'bcbg', '29/10/2016 15:29:49', '29/10/2016 15:29:49'),
(157, 'paris18', '29/10/2016 15:29:49', '29/10/2016 15:29:49'),
(158, 'histoire', '29/10/2016 15:29:49', '29/10/2016 15:29:49'),
(159, 'tatouée', '29/10/2016 15:29:49', '29/10/2016 15:29:49'),
(160, 'metal', '29/10/2016 15:29:49', '29/10/2016 15:29:49'),
(161, 'walkingdead', '29/10/2016 15:29:49', '29/10/2016 15:29:49'),
(162, 'drhouse', '29/10/2016 15:29:50', '29/10/2016 15:29:50'),
(163, 'paris15', '29/10/2016 15:29:50', '29/10/2016 15:29:50'),
(164, 'cordeasauter', '29/10/2016 15:29:50', '29/10/2016 15:29:50'),
(165, 'tennisdetable', '29/10/2016 15:29:50', '29/10/2016 15:29:50'),
(166, 'karate', '29/10/2016 15:29:51', '29/10/2016 15:29:51'),
(167, 'chic', '29/10/2016 15:29:52', '29/10/2016 15:29:52'),
(168, 'unettes', '29/10/2016 15:29:53', '29/10/2016 15:29:53'),
(169, 'voilier', '29/10/2016 15:29:54', '29/10/2016 15:29:54'),
(170, 'prettylittleliars', '29/10/2016 15:29:54', '29/10/2016 15:29:54'),
(171, 'running', '29/10/2016 15:29:54', '29/10/2016 15:29:54'),
(172, 'nonfumeuse', '29/10/2016 15:29:55', '29/10/2016 15:29:55'),
(173, 'californication', '29/10/2016 15:29:55', '29/10/2016 15:29:55'),
(174, 'rousse', '29/10/2016 15:29:55', '29/10/2016 15:29:55'),
(175, 'ncis', '29/10/2016 15:29:56', '29/10/2016 15:29:56'),
(176, 'heat', '29/10/2016 15:29:57', '29/10/2016 15:29:57'),
(177, 'pandas', '29/10/2016 15:29:58', '29/10/2016 15:29:58'),
(178, 'cheval', '29/10/2016 15:29:59', '29/10/2016 15:29:59'),
(179, 'bierpong', '29/10/2016 15:30:00', '29/10/2016 15:30:00'),
(180, 'femen', '29/10/2016 15:30:03', '29/10/2016 15:30:03'),
(181, 'zook', '29/10/2016 15:30:04', '29/10/2016 15:30:04'),
(182, 'chiens', '29/10/2016 15:30:06', '29/10/2016 15:30:06'),
(183, 'madmen', '29/10/2016 15:30:07', '29/10/2016 15:30:07'),
(184, 'tuning', '29/10/2016 15:30:18', '29/10/2016 15:30:18'),
(185, 'beauf', '29/10/2016 15:30:18', '29/10/2016 15:30:18'),
(186, 'chanter', '29/10/2016 15:30:18', '29/10/2016 15:30:18'),
(187, 'sono', '29/10/2016 15:30:18', '29/10/2016 15:30:18'),
(188, 'LoL', '29/10/2016 15:30:18', '29/10/2016 15:30:18'),
(189, 'dance', '29/10/2016 15:30:18', '29/10/2016 15:30:18'),
(190, 'nunchaku', '29/10/2016 15:30:18', '29/10/2016 15:30:18'),
(191, 'baston', '29/10/2016 15:30:18', '29/10/2016 15:30:18'),
(192, 'bar', '29/10/2016 15:30:18', '29/10/2016 15:30:18'),
(193, '', '29/10/2016 15:30:18', '29/10/2016 15:30:18'),
(194, 'casserolle', '29/10/2016 15:30:18', '29/10/2016 15:30:18'),
(195, 'bagarre', '29/10/2016 15:30:18', '29/10/2016 15:30:18'),
(196, 'wu tang', '29/10/2016 15:30:18', '29/10/2016 15:30:18'),
(197, 'musique', '29/10/2016 15:30:18', '29/10/2016 15:30:18'),
(198, 'tanuki', '29/10/2016 15:30:18', '29/10/2016 15:30:18'),
(199, 'jardinage', '29/10/2016 15:30:18', '29/10/2016 15:30:18'),
(200, 'luciole', '29/10/2016 15:30:18', '29/10/2016 15:30:18'),
(201, 'serie', '29/10/2016 15:30:18', '29/10/2016 15:30:18'),
(202, 'film', '29/10/2016 15:30:18', '29/10/2016 15:30:18'),
(203, 'yelle', '29/10/2016 15:30:18', '29/10/2016 15:30:18'),
(204, 'willy denzey', '29/10/2016 15:30:18', '29/10/2016 15:30:18'),
(205, 'glace', '29/10/2016 15:30:18', '29/10/2016 15:30:18'),
(206, 'manger', '29/10/2016 15:30:18', '29/10/2016 15:30:18'),
(207, 'go', '29/10/2016 15:30:18', '29/10/2016 15:30:18'),
(208, 'tarot', '29/10/2016 15:30:18', '29/10/2016 15:30:18'),
(209, 'belotte', '29/10/2016 15:30:18', '29/10/2016 15:30:18'),
(210, 'boxe', '29/10/2016 15:30:18', '29/10/2016 15:30:18'),
(211, 'danser', '29/10/2016 15:30:18', '29/10/2016 15:30:18'),
(212, 'detective', '30/10/2016 14:04:48', '30/10/2016 14:04:48'),
(213, 'no one', '31/10/2016 16:15:45', '31/10/2016 16:15:45'),
(214, 'kill', '31/10/2016 16:15:45', '31/10/2016 16:15:45'),
(215, 'force', '31/10/2016 18:13:59', '31/10/2016 18:13:59'),
(216, 'cage', '31/10/2016 18:13:59', '31/10/2016 18:13:59');

-- --------------------------------------------------------

--
-- Structure de la table `usersLocation`
--

CREATE TABLE `usersLocation` (
  `id` int(11) NOT NULL,
  `longitude` float DEFAULT NULL,
  `latitude` float DEFAULT NULL,
  `zipCode` varchar(255) DEFAULT NULL,
  `city` varchar(255) DEFAULT NULL,
  `id_users` int(11) NOT NULL,
  `created_at` varchar(255) NOT NULL,
  `updated_at` varchar(255) NOT NULL
) ENGINE=InnoDB DEFAULT CHARSET=latin1;

--
-- Contenu de la table `usersLocation`
--

INSERT INTO `usersLocation` (`id`, `longitude`, `latitude`, `zipCode`, `city`, `id_users`, `created_at`, `updated_at`) VALUES
(48, 5.72452, 45.1885, NULL, 'grenoble', 43, '29/10/2016 15:29:41', '29/10/2016 15:29:41'),
(49, 7.75211, 48.5734, NULL, 'strasbourg', 44, '29/10/2016 15:29:41', '29/10/2016 15:29:41'),
(50, 3.05726, 50.6292, NULL, 'lille', 45, '29/10/2016 15:29:41', '29/10/2016 15:29:41'),
(51, 5.04148, 47.322, NULL, 'dijon', 46, '29/10/2016 15:29:41', '29/10/2016 15:29:41'),
(52, -61.0588, 14.6161, NULL, 'fort-de-france', 47, '29/10/2016 15:29:41', '29/10/2016 15:29:41'),
(53, -0.370797, 43.2951, NULL, 'pau', 48, '29/10/2016 15:29:42', '29/10/2016 15:29:42'),
(54, 3.17785, 50.6927, NULL, 'roubaix', 49, '29/10/2016 15:29:42', '29/10/2016 15:29:42'),
(55, 3.05726, 50.6292, NULL, 'lille', 50, '29/10/2016 15:29:42', '29/10/2016 15:29:42'),
(56, 2.29575, 49.8941, NULL, 'amiens', 51, '29/10/2016 15:29:42', '29/10/2016 15:29:42'),
(57, 1.09997, 49.4432, NULL, 'rouen', 52, '29/10/2016 15:29:42', '29/10/2016 15:29:42'),
(58, 2.89483, 42.6887, NULL, 'perpignan', 53, '29/10/2016 15:29:43', '29/10/2016 15:29:43'),
(59, 4.38718, 45.4397, NULL, 'saint-étienne', 54, '29/10/2016 15:29:43', '29/10/2016 15:29:43'),
(60, 2.39851, 48.792, NULL, 'vitry-sur-seine', 55, '29/10/2016 15:29:43', '29/10/2016 15:29:43'),
(61, 2.49707, 48.9412, NULL, 'aulnay-sous-bois', 56, '29/10/2016 15:29:43', '29/10/2016 15:29:43'),
(62, 6.17572, 49.1193, NULL, 'metz', 57, '29/10/2016 15:29:43', '29/10/2016 15:29:43'),
(63, 2.35222, 48.8566, NULL, 'paris', 58, '29/10/2016 15:29:44', '29/10/2016 15:29:44'),
(64, 2.45557, 48.7904, NULL, 'créteil', 59, '29/10/2016 15:29:44', '29/10/2016 15:29:44'),
(65, 2.21533, 48.8924, NULL, 'nanterre', 60, '29/10/2016 15:29:45', '29/10/2016 15:29:45'),
(66, 5.72452, 45.1885, NULL, 'grenoble', 61, '29/10/2016 15:29:45', '29/10/2016 15:29:45'),
(67, 4.83566, 45.764, NULL, 'lyon', 62, '29/10/2016 15:29:45', '29/10/2016 15:29:45'),
(68, 2.29575, 49.8941, NULL, 'amiens', 63, '29/10/2016 15:29:45', '29/10/2016 15:29:45'),
(69, 5.44743, 43.5297, NULL, 'aix-en-provence', 64, '29/10/2016 15:29:46', '29/10/2016 15:29:46'),
(70, 1.44421, 43.6047, NULL, 'toulouse', 65, '29/10/2016 15:29:46', '29/10/2016 15:29:46'),
(71, 2.29575, 49.8941, NULL, 'amiens', 66, '29/10/2016 15:29:46', '29/10/2016 15:29:46'),
(72, 2.25333, 48.9221, NULL, 'colombes', 67, '29/10/2016 15:29:46', '29/10/2016 15:29:46'),
(73, 2.28537, 48.9142, NULL, 'asnières-sur-seine', 68, '29/10/2016 15:29:46', '29/10/2016 15:29:46'),
(74, -0.57918, 44.8378, NULL, 'bordeaux', 69, '29/10/2016 15:29:47', '29/10/2016 15:29:47'),
(75, 0.68484, 47.3941, NULL, 'tours', 70, '29/10/2016 15:29:47', '29/10/2016 15:29:47'),
(76, 4.83566, 45.764, NULL, 'lyon', 71, '29/10/2016 15:29:47', '29/10/2016 15:29:47'),
(77, -0.199556, 48.0061, NULL, 'le mans', 72, '29/10/2016 15:29:47', '29/10/2016 15:29:47'),
(78, 2.23991, 48.8397, NULL, 'boulogne-billancourt', 73, '29/10/2016 15:29:47', '29/10/2016 15:29:47'),
(79, 2.37678, 51.0344, NULL, 'dunkerque', 74, '29/10/2016 15:29:48', '29/10/2016 15:29:48'),
(80, 2.44845, 48.8638, NULL, 'montreuil', 75, '29/10/2016 15:29:48', '29/10/2016 15:29:48'),
(81, 3.87672, 43.6108, NULL, 'montpellier', 76, '29/10/2016 15:29:48', '29/10/2016 15:29:48'),
(82, 2.39851, 48.792, NULL, 'vitry-sur-seine', 77, '29/10/2016 15:29:48', '29/10/2016 15:29:48'),
(83, -1.67779, 48.1173, NULL, 'rennes', 78, '29/10/2016 15:29:48', '29/10/2016 15:29:48'),
(84, 2.37678, 51.0344, NULL, 'dunkerque', 79, '29/10/2016 15:29:48', '29/10/2016 15:29:48'),
(85, 2.17693, 48.8828, NULL, 'rueil-malmaison', 80, '29/10/2016 15:29:49', '29/10/2016 15:29:49'),
(86, 5.928, 43.1242, NULL, 'toulon', 81, '29/10/2016 15:29:49', '29/10/2016 15:29:49'),
(87, 2.13012, 48.8014, NULL, 'versailles', 82, '29/10/2016 15:29:49', '29/10/2016 15:29:49'),
(88, 1.90925, 47.903, NULL, 'orléans', 83, '29/10/2016 15:29:49', '29/10/2016 15:29:49'),
(89, -0.370797, 43.2951, NULL, 'pau', 84, '29/10/2016 15:29:49', '29/10/2016 15:29:49'),
(90, 4.89017, 45.7719, NULL, 'villeurbanne', 85, '29/10/2016 15:29:50', '29/10/2016 15:29:50'),
(91, -0.57918, 44.8378, NULL, 'bordeaux', 86, '29/10/2016 15:29:50', '29/10/2016 15:29:50'),
(92, 4.38718, 45.4397, NULL, 'saint-étienne', 87, '29/10/2016 15:29:50', '29/10/2016 15:29:50'),
(93, 0.107929, 49.4944, NULL, 'le havre', 88, '29/10/2016 15:29:50', '29/10/2016 15:29:50'),
(94, 5.928, 43.1242, NULL, 'toulon', 89, '29/10/2016 15:29:50', '29/10/2016 15:29:50'),
(95, 4.80553, 43.9493, NULL, 'avignon', 90, '29/10/2016 15:29:51', '29/10/2016 15:29:51'),
(96, -0.370797, 43.2951, NULL, 'pau', 91, '29/10/2016 15:29:51', '29/10/2016 15:29:51'),
(97, 2.25333, 48.9221, NULL, 'colombes', 92, '29/10/2016 15:29:51', '29/10/2016 15:29:51'),
(98, 5.928, 43.1242, NULL, 'toulon', 93, '29/10/2016 15:29:52', '29/10/2016 15:29:52'),
(99, 3.87672, 43.6108, NULL, 'montpellier', 94, '29/10/2016 15:29:52', '29/10/2016 15:29:52'),
(100, 4.38718, 45.4397, NULL, 'saint-étienne', 95, '29/10/2016 15:29:52', '29/10/2016 15:29:52'),
(101, -0.57918, 44.8378, NULL, 'bordeaux', 96, '29/10/2016 15:29:53', '29/10/2016 15:29:53'),
(102, -61.0588, 14.6161, NULL, 'fort-de-france', 97, '29/10/2016 15:29:53', '29/10/2016 15:29:53'),
(103, -61.0588, 14.6161, NULL, 'fort-de-france', 98, '29/10/2016 15:29:53', '29/10/2016 15:29:53'),
(104, 3.17785, 50.6927, NULL, 'roubaix', 99, '29/10/2016 15:29:54', '29/10/2016 15:29:54'),
(105, 5.44743, 43.5297, NULL, 'aix-en-provence', 100, '29/10/2016 15:29:54', '29/10/2016 15:29:54'),
(106, 2.21533, 48.8924, NULL, 'nanterre', 101, '29/10/2016 15:29:55', '29/10/2016 15:29:55'),
(107, 3.05726, 50.6292, NULL, 'lille', 102, '29/10/2016 15:29:55', '29/10/2016 15:29:55'),
(108, 2.35744, 48.9362, NULL, 'saint-denis', 103, '29/10/2016 15:29:55', '29/10/2016 15:29:55'),
(109, 1.90925, 47.903, NULL, 'orléans', 104, '29/10/2016 15:29:55', '29/10/2016 15:29:55'),
(110, 1.09997, 49.4432, NULL, 'rouen', 105, '29/10/2016 15:29:55', '29/10/2016 15:29:55'),
(111, 4.80553, 43.9493, NULL, 'avignon', 106, '29/10/2016 15:29:56', '29/10/2016 15:29:56'),
(112, 5.72452, 45.1885, NULL, 'grenoble', 107, '29/10/2016 15:29:56', '29/10/2016 15:29:56'),
(113, -0.563166, 47.4784, NULL, 'angers', 108, '29/10/2016 15:29:56', '29/10/2016 15:29:56'),
(114, 3.08702, 45.7772, NULL, 'clermont-ferrand', 109, '29/10/2016 15:29:57', '29/10/2016 15:29:57'),
(115, 2.51556, 48.817, NULL, 'champigny-sur-marne', 110, '29/10/2016 15:29:57', '29/10/2016 15:29:57'),
(116, 2.25333, 48.9221, NULL, 'colombes', 111, '29/10/2016 15:29:57', '29/10/2016 15:29:57'),
(117, 2.29575, 49.8941, NULL, 'amiens', 112, '29/10/2016 15:29:57', '29/10/2016 15:29:57'),
(118, 2.28537, 48.9142, NULL, 'asnières-sur-seine', 113, '29/10/2016 15:29:57', '29/10/2016 15:29:57'),
(119, 6.02405, 47.2378, NULL, 'besançon', 114, '29/10/2016 15:29:57', '29/10/2016 15:29:57'),
(120, 2.39851, 48.792, NULL, 'vitry-sur-seine', 115, '29/10/2016 15:29:58', '29/10/2016 15:29:58'),
(121, 0.340375, 46.5802, NULL, 'poitiers', 116, '29/10/2016 15:29:58', '29/10/2016 15:29:58'),
(122, 4.36005, 43.8367, NULL, 'nîmes', 117, '29/10/2016 15:29:58', '29/10/2016 15:29:58'),
(123, 3.08702, 45.7772, NULL, 'clermont-ferrand', 118, '29/10/2016 15:29:58', '29/10/2016 15:29:58'),
(124, 2.29575, 49.8941, NULL, 'amiens', 119, '29/10/2016 15:29:58', '29/10/2016 15:29:58'),
(125, 4.36005, 43.8367, NULL, 'nîmes', 120, '29/10/2016 15:29:58', '29/10/2016 15:29:58'),
(126, 2.28537, 48.9142, NULL, 'asnières-sur-seine', 121, '29/10/2016 15:29:59', '29/10/2016 15:29:59'),
(127, 5.44743, 43.5297, NULL, 'aix-en-provence', 122, '29/10/2016 15:29:59', '29/10/2016 15:29:59'),
(128, 2.44845, 48.8638, NULL, 'montreuil', 123, '29/10/2016 15:29:59', '29/10/2016 15:29:59'),
(129, 5.928, 43.1242, NULL, 'toulon', 124, '29/10/2016 15:29:59', '29/10/2016 15:29:59'),
(130, 2.35744, 48.9362, NULL, 'saint-denis', 125, '29/10/2016 15:29:59', '29/10/2016 15:29:59'),
(131, 4.36005, 43.8367, NULL, 'nîmes', 126, '29/10/2016 15:30:00', '29/10/2016 15:30:00'),
(132, 6.17572, 49.1193, NULL, 'metz', 127, '29/10/2016 15:30:00', '29/10/2016 15:30:00'),
(133, 2.25333, 48.9221, NULL, 'colombes', 128, '29/10/2016 15:30:00', '29/10/2016 15:30:00'),
(134, 2.49707, 48.9412, NULL, 'aulnay-sous-bois', 129, '29/10/2016 15:30:00', '29/10/2016 15:30:00'),
(135, -0.563166, 47.4784, NULL, 'angers', 130, '29/10/2016 15:30:00', '29/10/2016 15:30:00'),
(136, -0.57918, 44.8378, NULL, 'bordeaux', 131, '29/10/2016 15:30:00', '29/10/2016 15:30:00'),
(137, 2.89483, 42.6887, NULL, 'perpignan', 132, '29/10/2016 15:30:01', '29/10/2016 15:30:01'),
(138, 5.04148, 47.322, NULL, 'dijon', 133, '29/10/2016 15:30:01', '29/10/2016 15:30:01'),
(139, 1.90925, 47.903, NULL, 'orléans', 134, '29/10/2016 15:30:01', '29/10/2016 15:30:01'),
(140, 3.05726, 50.6292, NULL, 'lille', 135, '29/10/2016 15:30:01', '29/10/2016 15:30:01'),
(141, -0.199556, 48.0061, NULL, 'le mans', 136, '29/10/2016 15:30:01', '29/10/2016 15:30:01'),
(142, 0.340375, 46.5802, NULL, 'poitiers', 137, '29/10/2016 15:30:02', '29/10/2016 15:30:02'),
(143, 1.44421, 43.6047, NULL, 'toulouse', 138, '29/10/2016 15:30:02', '29/10/2016 15:30:02'),
(144, -0.370797, 43.2951, NULL, 'pau', 139, '29/10/2016 15:30:02', '29/10/2016 15:30:02'),
(145, 5.928, 43.1242, NULL, 'toulon', 140, '29/10/2016 15:30:02', '29/10/2016 15:30:02'),
(146, 2.38405, 48.9123, NULL, 'aubervilliers', 141, '29/10/2016 15:30:02', '29/10/2016 15:30:02'),
(147, 4.38718, 45.4397, NULL, 'saint-étienne', 142, '29/10/2016 15:30:03', '29/10/2016 15:30:03'),
(148, -0.563166, 47.4784, NULL, 'angers', 143, '29/10/2016 15:30:03', '29/10/2016 15:30:03'),
(149, 2.44845, 48.8638, NULL, 'montreuil', 144, '29/10/2016 15:30:03', '29/10/2016 15:30:03'),
(150, 5.72452, 45.1885, NULL, 'grenoble', 145, '29/10/2016 15:30:03', '29/10/2016 15:30:03'),
(151, 2.17693, 48.8828, NULL, 'rueil-malmaison', 146, '29/10/2016 15:30:03', '29/10/2016 15:30:03'),
(152, -0.57918, 44.8378, NULL, 'bordeaux', 147, '29/10/2016 15:30:03', '29/10/2016 15:30:03'),
(153, 2.44845, 48.8638, NULL, 'montreuil', 148, '29/10/2016 15:30:04', '29/10/2016 15:30:04'),
(154, 1.90925, 47.903, NULL, 'orléans', 149, '29/10/2016 15:30:04', '29/10/2016 15:30:04'),
(155, 0.68484, 47.3941, NULL, 'tours', 150, '29/10/2016 15:30:04', '29/10/2016 15:30:04'),
(156, 5.36978, 43.2965, NULL, 'marseille', 151, '29/10/2016 15:30:04', '29/10/2016 15:30:04'),
(157, 4.80553, 43.9493, NULL, 'avignon', 152, '29/10/2016 15:30:04', '29/10/2016 15:30:04'),
(158, 1.09997, 49.4432, NULL, 'rouen', 153, '29/10/2016 15:30:04', '29/10/2016 15:30:04'),
(159, 2.13012, 48.8014, NULL, 'versailles', 154, '29/10/2016 15:30:04', '29/10/2016 15:30:04'),
(160, -0.199556, 48.0061, NULL, 'le mans', 155, '29/10/2016 15:30:05', '29/10/2016 15:30:05'),
(161, 5.44743, 43.5297, NULL, 'aix-en-provence', 156, '29/10/2016 15:30:05', '29/10/2016 15:30:05'),
(162, 55.5358, -21.2366, NULL, 'saint-pierre', 157, '29/10/2016 15:30:05', '29/10/2016 15:30:05'),
(163, -4.48608, 48.3904, NULL, 'brest', 158, '29/10/2016 15:30:05', '29/10/2016 15:30:05'),
(164, 1.2611, 45.8336, NULL, 'limoges', 159, '29/10/2016 15:30:05', '29/10/2016 15:30:05'),
(165, 4.38718, 45.4397, NULL, 'saint-étienne', 160, '29/10/2016 15:30:05', '29/10/2016 15:30:05'),
(166, 55.5358, -21.2366, NULL, 'saint-pierre', 161, '29/10/2016 15:30:06', '29/10/2016 15:30:06'),
(167, 7.26195, 43.7102, NULL, 'nice', 162, '29/10/2016 15:30:06', '29/10/2016 15:30:06'),
(168, 5.928, 43.1242, NULL, 'toulon', 163, '29/10/2016 15:30:06', '29/10/2016 15:30:06'),
(169, 1.09997, 49.4432, NULL, 'rouen', 164, '29/10/2016 15:30:06', '29/10/2016 15:30:06'),
(170, 6.17572, 49.1193, NULL, 'metz', 165, '29/10/2016 15:30:06', '29/10/2016 15:30:06'),
(171, -0.370797, 43.2951, NULL, 'pau', 166, '29/10/2016 15:30:06', '29/10/2016 15:30:06'),
(172, 0.68484, 47.3941, NULL, 'tours', 167, '29/10/2016 15:30:06', '29/10/2016 15:30:06'),
(173, 2.51556, 48.817, NULL, 'champigny-sur-marne', 168, '29/10/2016 15:30:07', '29/10/2016 15:30:07'),
(174, 2.25333, 48.9221, NULL, 'colombes', 169, '29/10/2016 15:30:07', '29/10/2016 15:30:07'),
(175, 2.25929, 48.9006, NULL, 'courbevoie', 170, '29/10/2016 15:30:07', '29/10/2016 15:30:07'),
(176, -61.0588, 14.6161, NULL, 'fort-de-france', 171, '29/10/2016 15:30:07', '29/10/2016 15:30:07'),
(177, 3.08702, 45.7772, NULL, 'clermont-ferrand', 172, '29/10/2016 15:30:07', '29/10/2016 15:30:07'),
(178, 5.04148, 47.322, NULL, 'dijon', 173, '29/10/2016 15:30:07', '29/10/2016 15:30:07'),
(179, 2.25333, 48.9221, NULL, 'colombes', 174, '29/10/2016 15:30:08', '29/10/2016 15:30:08'),
(180, 1.44421, 43.6047, NULL, 'toulouse', 175, '29/10/2016 15:30:08', '29/10/2016 15:30:08'),
(181, -0.563166, 47.4784, NULL, 'angers', 176, '29/10/2016 15:30:08', '29/10/2016 15:30:08'),
(182, 4.38718, 45.4397, NULL, 'saint-étienne', 177, '29/10/2016 15:30:08', '29/10/2016 15:30:08'),
(183, 2.35222, 48.8566, NULL, 'paris', 178, '29/10/2016 15:30:08', '29/10/2016 15:30:08'),
(184, 6.17572, 49.1193, NULL, 'metz', 179, '29/10/2016 15:30:09', '29/10/2016 15:30:09'),
(185, 4.0317, 49.2583, NULL, 'reims', 180, '29/10/2016 15:30:09', '29/10/2016 15:30:09'),
(186, 2.37678, 51.0344, NULL, 'dunkerque', 181, '29/10/2016 15:30:09', '29/10/2016 15:30:09'),
(187, -1.67779, 48.1173, NULL, 'rennes', 182, '29/10/2016 15:30:09', '29/10/2016 15:30:09'),
(188, 2.25333, 48.9221, NULL, 'colombes', 183, '29/10/2016 15:30:09', '29/10/2016 15:30:09'),
(189, 5.44743, 43.5297, NULL, 'aix-en-provence', 184, '29/10/2016 15:30:09', '29/10/2016 15:30:09'),
(190, -0.57918, 44.8378, NULL, 'bordeaux', 185, '29/10/2016 15:30:09', '29/10/2016 15:30:09'),
(191, 7.33589, 47.7508, NULL, 'mulhouse', 186, '29/10/2016 15:30:10', '29/10/2016 15:30:10'),
(192, -0.370797, 43.2951, NULL, 'pau', 187, '29/10/2016 15:30:10', '29/10/2016 15:30:10'),
(193, 2.44845, 48.8638, NULL, 'montreuil', 188, '29/10/2016 15:30:10', '29/10/2016 15:30:10'),
(194, 2.51556, 48.817, NULL, 'champigny-sur-marne', 189, '29/10/2016 15:30:10', '29/10/2016 15:30:10'),
(195, -0.57918, 44.8378, NULL, 'bordeaux', 190, '29/10/2016 15:30:10', '29/10/2016 15:30:10'),
(196, 4.36005, 43.8367, NULL, 'nîmes', 191, '29/10/2016 15:30:10', '29/10/2016 15:30:10'),
(197, 1.2611, 45.8336, NULL, 'limoges', 192, '29/10/2016 15:30:10', '29/10/2016 15:30:10'),
(198, 5.04148, 47.322, NULL, 'dijon', 193, '29/10/2016 15:30:11', '29/10/2016 15:30:11'),
(199, 0.68484, 47.3941, NULL, 'tours', 194, '29/10/2016 15:30:11', '29/10/2016 15:30:11'),
(200, 1.2611, 45.8336, NULL, 'limoges', 195, '29/10/2016 15:30:11', '29/10/2016 15:30:11'),
(201, 5.04148, 47.322, NULL, 'dijon', 196, '29/10/2016 15:30:11', '29/10/2016 15:30:11'),
(202, -1.55362, 47.2184, NULL, 'nantes', 197, '29/10/2016 15:30:11', '29/10/2016 15:30:11'),
(203, 1.90925, 47.903, NULL, 'orléans', 198, '29/10/2016 15:30:11', '29/10/2016 15:30:11'),
(204, 2.35744, 48.9362, NULL, 'saint-denis', 199, '29/10/2016 15:30:12', '29/10/2016 15:30:12'),
(205, 5.44743, 43.5297, NULL, 'aix-en-provence', 200, '29/10/2016 15:30:12', '29/10/2016 15:30:12'),
(206, -61.0588, 14.6161, NULL, 'fort-de-france', 201, '29/10/2016 15:30:12', '29/10/2016 15:30:12'),
(207, -0.370797, 43.2951, NULL, 'pau', 202, '29/10/2016 15:30:12', '29/10/2016 15:30:12'),
(208, 0.68484, 47.3941, NULL, 'tours', 203, '29/10/2016 15:30:12', '29/10/2016 15:30:12'),
(209, 2.89483, 42.6887, NULL, 'perpignan', 204, '29/10/2016 15:30:12', '29/10/2016 15:30:12'),
(210, 2.51556, 48.817, NULL, 'champigny-sur-marne', 205, '29/10/2016 15:30:12', '29/10/2016 15:30:12'),
(211, -0.57918, 44.8378, NULL, 'bordeaux', 206, '29/10/2016 15:30:13', '29/10/2016 15:30:13'),
(212, 2.35222, 48.8566, NULL, 'paris', 207, '29/10/2016 15:30:13', '29/10/2016 15:30:13'),
(213, 4.0317, 49.2583, NULL, 'reims', 208, '29/10/2016 15:30:13', '29/10/2016 15:30:13'),
(214, -1.67779, 48.1173, NULL, 'rennes', 209, '29/10/2016 15:30:13', '29/10/2016 15:30:13'),
(215, 55.5358, -21.2366, NULL, 'saint-pierre', 210, '29/10/2016 15:30:13', '29/10/2016 15:30:13'),
(216, 1.90925, 47.903, NULL, 'orléans', 211, '29/10/2016 15:30:14', '29/10/2016 15:30:14'),
(217, 2.17693, 48.8828, NULL, 'rueil-malmaison', 212, '29/10/2016 15:30:14', '29/10/2016 15:30:14'),
(218, 3.08702, 45.7772, NULL, 'clermont-ferrand', 213, '29/10/2016 15:30:14', '29/10/2016 15:30:14'),
(219, 2.38405, 48.9123, NULL, 'aubervilliers', 214, '29/10/2016 15:30:14', '29/10/2016 15:30:14'),
(220, 2.17693, 48.8828, NULL, 'rueil-malmaison', 215, '29/10/2016 15:30:14', '29/10/2016 15:30:14'),
(221, 1.09997, 49.4432, NULL, 'rouen', 216, '29/10/2016 15:30:14', '29/10/2016 15:30:14'),
(222, 6.17572, 49.1193, NULL, 'metz', 217, '29/10/2016 15:30:14', '29/10/2016 15:30:14'),
(223, 1.90925, 47.903, NULL, 'orléans', 218, '29/10/2016 15:30:15', '29/10/2016 15:30:15'),
(224, -1.55362, 47.2184, NULL, 'nantes', 219, '29/10/2016 15:30:15', '29/10/2016 15:30:15'),
(225, 2.45557, 48.7904, NULL, 'créteil', 220, '29/10/2016 15:30:15', '29/10/2016 15:30:15'),
(226, 7.33589, 47.7508, NULL, 'mulhouse', 221, '29/10/2016 15:30:15', '29/10/2016 15:30:15'),
(227, 1.09997, 49.4432, NULL, 'rouen', 222, '29/10/2016 15:30:15', '29/10/2016 15:30:15'),
(228, 1.2611, 45.8336, NULL, 'limoges', 223, '29/10/2016 15:30:15', '29/10/2016 15:30:15'),
(229, 55.5358, -21.2366, NULL, 'saint-pierre', 224, '29/10/2016 15:30:15', '29/10/2016 15:30:15'),
(230, 2.35744, 48.9362, NULL, 'saint-denis', 225, '29/10/2016 15:30:16', '29/10/2016 15:30:16'),
(231, 5.36978, 43.2965, NULL, 'marseille', 226, '29/10/2016 15:30:16', '29/10/2016 15:30:16'),
(232, 2.35222, 48.8566, NULL, 'paris', 227, '29/10/2016 15:30:16', '29/10/2016 15:30:16'),
(233, -1.67779, 48.1173, NULL, 'rennes', 228, '29/10/2016 15:30:16', '29/10/2016 15:30:16'),
(234, 2.35744, 48.9362, NULL, 'saint-denis', 229, '29/10/2016 15:30:16', '29/10/2016 15:30:16'),
(235, 2.25333, 48.9221, NULL, 'colombes', 230, '29/10/2016 15:30:16', '29/10/2016 15:30:16'),
(236, 2.39851, 48.792, NULL, 'vitry-sur-seine', 231, '29/10/2016 15:30:16', '29/10/2016 15:30:16'),
(237, 2.89483, 42.6887, NULL, 'perpignan', 232, '29/10/2016 15:30:17', '29/10/2016 15:30:17'),
(238, 2.49707, 48.9412, NULL, 'aulnay-sous-bois', 233, '29/10/2016 15:30:17', '29/10/2016 15:30:17'),
(239, 2.21533, 48.8924, NULL, 'nanterre', 234, '29/10/2016 15:30:17', '29/10/2016 15:30:17'),
(240, 0.68484, 47.3941, NULL, 'tours', 235, '29/10/2016 15:30:17', '29/10/2016 15:30:17'),
(241, 5.44743, 43.5297, NULL, 'aix-en-provence', 236, '29/10/2016 15:30:17', '29/10/2016 15:30:17'),
(242, 2.38405, 48.9123, NULL, 'aubervilliers', 237, '29/10/2016 15:30:17', '29/10/2016 15:30:17'),
(243, 2.17693, 48.8828, NULL, 'rueil-malmaison', 238, '29/10/2016 15:30:17', '29/10/2016 15:30:17'),
(244, -0.199556, 48.0061, NULL, 'le mans', 239, '29/10/2016 15:30:18', '29/10/2016 15:30:18'),
(245, 6.02405, 47.2378, NULL, 'besançon', 240, '29/10/2016 15:30:18', '29/10/2016 15:30:18'),
(246, 2.44845, 48.8638, NULL, 'montreuil', 241, '29/10/2016 15:30:18', '29/10/2016 15:30:18'),
(247, -0.563166, 47.4784, NULL, 'angers', 242, '29/10/2016 15:30:18', '29/10/2016 15:30:18'),
(248, 2.25769, 48.8882, NULL, 'Neuilly-sur-Seine', 243, '29/10/2016 15:30:18', '29/10/2016 15:30:18'),
(249, 2.33459, 48.8792, NULL, ' Paris 09', 244, '29/10/2016 15:30:18', '29/10/2016 15:30:18'),
(250, 2.30713, 48.8647, NULL, ' Paris 08\n', 245, '29/10/2016 15:30:18', '29/10/2016 15:30:18'),
(251, 2.38747, 48.8453, NULL, ' Paris 12', 246, '29/10/2016 15:30:18', '29/10/2016 15:30:18'),
(252, 2.31193, 48.8363, NULL, ' Paris 15', 247, '29/10/2016 15:30:18', '29/10/2016 15:30:18'),
(253, 2.34421, 48.8317, NULL, ' Paris 13', 248, '29/10/2016 15:30:18', '29/10/2016 15:30:18'),
(254, 2.34781, 48.8117, NULL, ' Gentilly', 249, '29/10/2016 15:30:18', '29/10/2016 15:30:18'),
(255, 2.40446, 48.8321, NULL, ' Paris 12', 250, '29/10/2016 15:30:18', '29/10/2016 15:30:18'),
(256, 2.0929, 48.5239, NULL, ' Sermaise', 251, '29/10/2016 15:30:18', '29/10/2016 15:30:18'),
(257, 1.89514, 47.8906, NULL, ' Orleans', 252, '29/10/2016 15:30:18', '29/10/2016 15:30:18'),
(258, 0.714111, 47.3835, NULL, ' Saint-Pierre-des-Corps', 253, '29/10/2016 15:30:18', '29/10/2016 15:30:18'),
(259, 1.16455, 47.3444, NULL, ' Chissay-en-Touraine', 254, '29/10/2016 15:30:18', '29/10/2016 15:30:18'),
(260, 1.40625, 43.6122, NULL, ' Toulouse', 255, '29/10/2016 15:30:18', '29/10/2016 15:30:18'),
(261, 2.2522, 43.5923, NULL, ' Castres', 256, '29/10/2016 15:30:18', '29/10/2016 15:30:18'),
(262, 3.87817, 43.6162, NULL, ' Montpellier', 257, '29/10/2016 15:30:18', '29/10/2016 15:30:18'),
(263, 4.88068, 43.6122, NULL, ' Saint-Martin-de-Crau', 258, '29/10/2016 15:30:18', '29/10/2016 15:30:18'),
(264, -1.58203, 47.2345, NULL, ' Nantes', 259, '29/10/2016 15:30:18', '29/10/2016 15:30:18'),
(265, -4.52637, 48.4219, NULL, ' Bohars', 260, '29/10/2016 15:30:18', '29/10/2016 15:30:18'),
(267, 2.31811, 49.8876, NULL, ' Amiens', 262, '29/10/2016 15:30:18', '29/10/2016 15:30:18'),
(268, 2.3291, 48.8864, NULL, ' Paris 18', 263, '29/10/2016 15:30:18', '29/10/2016 15:30:18'),
(269, 2.2697, 48.8846, '92200', 'Neuilly-sur-Seine', 264, '30/10/2016 14:04:23', '30/10/2016 14:04:23'),
(270, 2.31839, 48.8967, '75017', 'Paris 17', 265, '31/10/2016 12:30:03', '31/10/2016 12:30:44'),
(271, 2.31845, 48.8967, '75017', 'Paris 17', 266, '31/10/2016 16:43:29', '31/10/2016 17:34:13'),
(272, 2.31844, 48.8967, '75017', 'Paris 17', 267, '31/10/2016 18:12:29', '31/10/2016 18:12:51');

-- --------------------------------------------------------

--
-- Structure de la table `users_usersInterest`
--

CREATE TABLE `users_usersInterest` (
  `id` int(11) NOT NULL,
  `id_users` int(11) NOT NULL,
  `id_interest` int(11) NOT NULL,
  `created_at` varchar(255) NOT NULL,
  `updated_at` varchar(255) NOT NULL
) ENGINE=InnoDB DEFAULT CHARSET=latin1;

--
-- Contenu de la table `users_usersInterest`
--

INSERT INTO `users_usersInterest` (`id`, `id_users`, `id_interest`, `created_at`, `updated_at`) VALUES
(200, 43, 89, '29/10/2016 15:29:41', '29/10/2016 15:29:41'),
(201, 43, 90, '29/10/2016 15:29:41', '29/10/2016 15:29:41'),
(202, 43, 91, '29/10/2016 15:29:41', '29/10/2016 15:29:41'),
(203, 44, 92, '29/10/2016 15:29:41', '29/10/2016 15:29:41'),
(204, 44, 91, '29/10/2016 15:29:41', '29/10/2016 15:29:41'),
(205, 44, 93, '29/10/2016 15:29:41', '29/10/2016 15:29:41'),
(206, 44, 94, '29/10/2016 15:29:41', '29/10/2016 15:29:41'),
(207, 45, 95, '29/10/2016 15:29:41', '29/10/2016 15:29:41'),
(208, 45, 96, '29/10/2016 15:29:41', '29/10/2016 15:29:41'),
(209, 46, 97, '29/10/2016 15:29:41', '29/10/2016 15:29:41'),
(210, 46, 98, '29/10/2016 15:29:41', '29/10/2016 15:29:41'),
(211, 46, 99, '29/10/2016 15:29:41', '29/10/2016 15:29:41'),
(212, 47, 100, '29/10/2016 15:29:42', '29/10/2016 15:29:42'),
(213, 47, 101, '29/10/2016 15:29:42', '29/10/2016 15:29:42'),
(214, 47, 102, '29/10/2016 15:29:42', '29/10/2016 15:29:42'),
(215, 48, 95, '29/10/2016 15:29:42', '29/10/2016 15:29:42'),
(216, 48, 103, '29/10/2016 15:29:42', '29/10/2016 15:29:42'),
(217, 48, 104, '29/10/2016 15:29:42', '29/10/2016 15:29:42'),
(218, 48, 90, '29/10/2016 15:29:42', '29/10/2016 15:29:42'),
(219, 49, 105, '29/10/2016 15:29:42', '29/10/2016 15:29:42'),
(220, 49, 99, '29/10/2016 15:29:42', '29/10/2016 15:29:42'),
(221, 49, 106, '29/10/2016 15:29:42', '29/10/2016 15:29:42'),
(222, 49, 89, '29/10/2016 15:29:42', '29/10/2016 15:29:42'),
(223, 49, 92, '29/10/2016 15:29:42', '29/10/2016 15:29:42'),
(224, 49, 107, '29/10/2016 15:29:42', '29/10/2016 15:29:42'),
(225, 50, 108, '29/10/2016 15:29:42', '29/10/2016 15:29:42'),
(226, 50, 102, '29/10/2016 15:29:42', '29/10/2016 15:29:42'),
(227, 50, 109, '29/10/2016 15:29:42', '29/10/2016 15:29:42'),
(228, 50, 110, '29/10/2016 15:29:42', '29/10/2016 15:29:42'),
(229, 51, 104, '29/10/2016 15:29:42', '29/10/2016 15:29:42'),
(230, 51, 92, '29/10/2016 15:29:42', '29/10/2016 15:29:42'),
(231, 51, 102, '29/10/2016 15:29:42', '29/10/2016 15:29:42'),
(232, 51, 111, '29/10/2016 15:29:42', '29/10/2016 15:29:42'),
(233, 52, 92, '29/10/2016 15:29:42', '29/10/2016 15:29:42'),
(234, 52, 96, '29/10/2016 15:29:42', '29/10/2016 15:29:42'),
(235, 53, 112, '29/10/2016 15:29:43', '29/10/2016 15:29:43'),
(236, 53, 113, '29/10/2016 15:29:43', '29/10/2016 15:29:43'),
(237, 54, 100, '29/10/2016 15:29:43', '29/10/2016 15:29:43'),
(238, 54, 99, '29/10/2016 15:29:43', '29/10/2016 15:29:43'),
(239, 54, 114, '29/10/2016 15:29:43', '29/10/2016 15:29:43'),
(240, 55, 115, '29/10/2016 15:29:43', '29/10/2016 15:29:43'),
(241, 55, 106, '29/10/2016 15:29:43', '29/10/2016 15:29:43'),
(242, 55, 116, '29/10/2016 15:29:43', '29/10/2016 15:29:43'),
(243, 55, 117, '29/10/2016 15:29:43', '29/10/2016 15:29:43'),
(244, 55, 104, '29/10/2016 15:29:43', '29/10/2016 15:29:43'),
(245, 56, 118, '29/10/2016 15:29:43', '29/10/2016 15:29:43'),
(246, 56, 105, '29/10/2016 15:29:43', '29/10/2016 15:29:43'),
(247, 56, 96, '29/10/2016 15:29:43', '29/10/2016 15:29:43'),
(248, 56, 115, '29/10/2016 15:29:43', '29/10/2016 15:29:43'),
(249, 57, 119, '29/10/2016 15:29:43', '29/10/2016 15:29:43'),
(250, 57, 90, '29/10/2016 15:29:43', '29/10/2016 15:29:43'),
(251, 57, 112, '29/10/2016 15:29:43', '29/10/2016 15:29:43'),
(252, 57, 120, '29/10/2016 15:29:43', '29/10/2016 15:29:43'),
(253, 58, 101, '29/10/2016 15:29:44', '29/10/2016 15:29:44'),
(254, 58, 98, '29/10/2016 15:29:44', '29/10/2016 15:29:44'),
(255, 58, 105, '29/10/2016 15:29:44', '29/10/2016 15:29:44'),
(256, 58, 108, '29/10/2016 15:29:44', '29/10/2016 15:29:44'),
(257, 58, 121, '29/10/2016 15:29:44', '29/10/2016 15:29:44'),
(258, 59, 95, '29/10/2016 15:29:44', '29/10/2016 15:29:44'),
(259, 59, 122, '29/10/2016 15:29:44', '29/10/2016 15:29:44'),
(260, 59, 123, '29/10/2016 15:29:44', '29/10/2016 15:29:44'),
(261, 60, 124, '29/10/2016 15:29:45', '29/10/2016 15:29:45'),
(262, 60, 98, '29/10/2016 15:29:45', '29/10/2016 15:29:45'),
(263, 60, 125, '29/10/2016 15:29:45', '29/10/2016 15:29:45'),
(264, 61, 122, '29/10/2016 15:29:45', '29/10/2016 15:29:45'),
(265, 61, 126, '29/10/2016 15:29:45', '29/10/2016 15:29:45'),
(266, 61, 99, '29/10/2016 15:29:45', '29/10/2016 15:29:45'),
(267, 61, 127, '29/10/2016 15:29:45', '29/10/2016 15:29:45'),
(268, 62, 128, '29/10/2016 15:29:45', '29/10/2016 15:29:45'),
(269, 62, 129, '29/10/2016 15:29:45', '29/10/2016 15:29:45'),
(270, 63, 130, '29/10/2016 15:29:45', '29/10/2016 15:29:45'),
(271, 63, 116, '29/10/2016 15:29:45', '29/10/2016 15:29:45'),
(272, 63, 131, '29/10/2016 15:29:45', '29/10/2016 15:29:45'),
(273, 63, 127, '29/10/2016 15:29:45', '29/10/2016 15:29:45'),
(274, 64, 132, '29/10/2016 15:29:46', '29/10/2016 15:29:46'),
(275, 64, 97, '29/10/2016 15:29:46', '29/10/2016 15:29:46'),
(276, 65, 133, '29/10/2016 15:29:46', '29/10/2016 15:29:46'),
(277, 65, 92, '29/10/2016 15:29:46', '29/10/2016 15:29:46'),
(278, 65, 134, '29/10/2016 15:29:46', '29/10/2016 15:29:46'),
(279, 65, 135, '29/10/2016 15:29:46', '29/10/2016 15:29:46'),
(280, 65, 136, '29/10/2016 15:29:46', '29/10/2016 15:29:46'),
(281, 66, 103, '29/10/2016 15:29:46', '29/10/2016 15:29:46'),
(282, 66, 137, '29/10/2016 15:29:46', '29/10/2016 15:29:46'),
(283, 66, 101, '29/10/2016 15:29:46', '29/10/2016 15:29:46'),
(284, 67, 99, '29/10/2016 15:29:46', '29/10/2016 15:29:46'),
(285, 67, 138, '29/10/2016 15:29:46', '29/10/2016 15:29:46'),
(286, 67, 101, '29/10/2016 15:29:46', '29/10/2016 15:29:46'),
(287, 67, 139, '29/10/2016 15:29:46', '29/10/2016 15:29:46'),
(288, 68, 103, '29/10/2016 15:29:46', '29/10/2016 15:29:46'),
(289, 68, 140, '29/10/2016 15:29:46', '29/10/2016 15:29:46'),
(290, 69, 141, '29/10/2016 15:29:47', '29/10/2016 15:29:47'),
(291, 69, 121, '29/10/2016 15:29:47', '29/10/2016 15:29:47'),
(292, 69, 102, '29/10/2016 15:29:47', '29/10/2016 15:29:47'),
(293, 69, 106, '29/10/2016 15:29:47', '29/10/2016 15:29:47'),
(294, 70, 142, '29/10/2016 15:29:47', '29/10/2016 15:29:47'),
(295, 70, 136, '29/10/2016 15:29:47', '29/10/2016 15:29:47'),
(296, 71, 120, '29/10/2016 15:29:47', '29/10/2016 15:29:47'),
(297, 71, 135, '29/10/2016 15:29:47', '29/10/2016 15:29:47'),
(298, 72, 143, '29/10/2016 15:29:47', '29/10/2016 15:29:47'),
(299, 72, 144, '29/10/2016 15:29:47', '29/10/2016 15:29:47'),
(300, 72, 138, '29/10/2016 15:29:47', '29/10/2016 15:29:47'),
(301, 73, 134, '29/10/2016 15:29:47', '29/10/2016 15:29:47'),
(302, 73, 145, '29/10/2016 15:29:47', '29/10/2016 15:29:47'),
(303, 73, 146, '29/10/2016 15:29:47', '29/10/2016 15:29:47'),
(304, 73, 147, '29/10/2016 15:29:47', '29/10/2016 15:29:47'),
(305, 74, 145, '29/10/2016 15:29:48', '29/10/2016 15:29:48'),
(306, 74, 106, '29/10/2016 15:29:48', '29/10/2016 15:29:48'),
(307, 74, 92, '29/10/2016 15:29:48', '29/10/2016 15:29:48'),
(308, 74, 148, '29/10/2016 15:29:48', '29/10/2016 15:29:48'),
(309, 74, 138, '29/10/2016 15:29:48', '29/10/2016 15:29:48'),
(310, 75, 149, '29/10/2016 15:29:48', '29/10/2016 15:29:48'),
(311, 75, 142, '29/10/2016 15:29:48', '29/10/2016 15:29:48'),
(312, 75, 117, '29/10/2016 15:29:48', '29/10/2016 15:29:48'),
(313, 75, 130, '29/10/2016 15:29:48', '29/10/2016 15:29:48'),
(314, 75, 138, '29/10/2016 15:29:48', '29/10/2016 15:29:48'),
(315, 75, 92, '29/10/2016 15:29:48', '29/10/2016 15:29:48'),
(316, 76, 96, '29/10/2016 15:29:48', '29/10/2016 15:29:48'),
(317, 76, 134, '29/10/2016 15:29:48', '29/10/2016 15:29:48'),
(318, 76, 150, '29/10/2016 15:29:48', '29/10/2016 15:29:48'),
(319, 76, 151, '29/10/2016 15:29:48', '29/10/2016 15:29:48'),
(320, 76, 97, '29/10/2016 15:29:48', '29/10/2016 15:29:48'),
(321, 77, 93, '29/10/2016 15:29:48', '29/10/2016 15:29:48'),
(322, 77, 130, '29/10/2016 15:29:48', '29/10/2016 15:29:48'),
(323, 77, 152, '29/10/2016 15:29:48', '29/10/2016 15:29:48'),
(324, 78, 111, '29/10/2016 15:29:48', '29/10/2016 15:29:48'),
(325, 78, 153, '29/10/2016 15:29:48', '29/10/2016 15:29:48'),
(326, 78, 141, '29/10/2016 15:29:48', '29/10/2016 15:29:48'),
(327, 78, 98, '29/10/2016 15:29:48', '29/10/2016 15:29:48'),
(328, 79, 127, '29/10/2016 15:29:48', '29/10/2016 15:29:48'),
(329, 79, 99, '29/10/2016 15:29:48', '29/10/2016 15:29:48'),
(330, 79, 154, '29/10/2016 15:29:48', '29/10/2016 15:29:48'),
(331, 80, 91, '29/10/2016 15:29:49', '29/10/2016 15:29:49'),
(332, 80, 155, '29/10/2016 15:29:49', '29/10/2016 15:29:49'),
(333, 80, 127, '29/10/2016 15:29:49', '29/10/2016 15:29:49'),
(334, 80, 151, '29/10/2016 15:29:49', '29/10/2016 15:29:49'),
(335, 81, 95, '29/10/2016 15:29:49', '29/10/2016 15:29:49'),
(336, 81, 146, '29/10/2016 15:29:49', '29/10/2016 15:29:49'),
(337, 82, 156, '29/10/2016 15:29:49', '29/10/2016 15:29:49'),
(338, 82, 143, '29/10/2016 15:29:49', '29/10/2016 15:29:49'),
(339, 82, 157, '29/10/2016 15:29:49', '29/10/2016 15:29:49'),
(340, 82, 116, '29/10/2016 15:29:49', '29/10/2016 15:29:49'),
(341, 82, 158, '29/10/2016 15:29:49', '29/10/2016 15:29:49'),
(342, 82, 159, '29/10/2016 15:29:49', '29/10/2016 15:29:49'),
(343, 83, 118, '29/10/2016 15:29:49', '29/10/2016 15:29:49'),
(344, 83, 92, '29/10/2016 15:29:49', '29/10/2016 15:29:49'),
(345, 83, 140, '29/10/2016 15:29:49', '29/10/2016 15:29:49'),
(346, 83, 156, '29/10/2016 15:29:49', '29/10/2016 15:29:49'),
(347, 83, 152, '29/10/2016 15:29:49', '29/10/2016 15:29:49'),
(348, 84, 160, '29/10/2016 15:29:49', '29/10/2016 15:29:49'),
(349, 84, 90, '29/10/2016 15:29:49', '29/10/2016 15:29:49'),
(350, 84, 98, '29/10/2016 15:29:49', '29/10/2016 15:29:49'),
(351, 84, 161, '29/10/2016 15:29:49', '29/10/2016 15:29:49'),
(352, 85, 93, '29/10/2016 15:29:50', '29/10/2016 15:29:50'),
(353, 85, 113, '29/10/2016 15:29:50', '29/10/2016 15:29:50'),
(354, 85, 159, '29/10/2016 15:29:50', '29/10/2016 15:29:50'),
(355, 86, 162, '29/10/2016 15:29:50', '29/10/2016 15:29:50'),
(356, 86, 126, '29/10/2016 15:29:50', '29/10/2016 15:29:50'),
(357, 86, 101, '29/10/2016 15:29:50', '29/10/2016 15:29:50'),
(358, 86, 90, '29/10/2016 15:29:50', '29/10/2016 15:29:50'),
(359, 86, 123, '29/10/2016 15:29:50', '29/10/2016 15:29:50'),
(360, 87, 160, '29/10/2016 15:29:50', '29/10/2016 15:29:50'),
(361, 87, 99, '29/10/2016 15:29:50', '29/10/2016 15:29:50'),
(362, 87, 127, '29/10/2016 15:29:50', '29/10/2016 15:29:50'),
(363, 87, 139, '29/10/2016 15:29:50', '29/10/2016 15:29:50'),
(364, 87, 163, '29/10/2016 15:29:50', '29/10/2016 15:29:50'),
(365, 87, 164, '29/10/2016 15:29:50', '29/10/2016 15:29:50'),
(366, 88, 128, '29/10/2016 15:29:50', '29/10/2016 15:29:50'),
(367, 88, 125, '29/10/2016 15:29:50', '29/10/2016 15:29:50'),
(368, 89, 165, '29/10/2016 15:29:50', '29/10/2016 15:29:50'),
(369, 89, 135, '29/10/2016 15:29:50', '29/10/2016 15:29:50'),
(370, 89, 140, '29/10/2016 15:29:50', '29/10/2016 15:29:50'),
(371, 89, 97, '29/10/2016 15:29:50', '29/10/2016 15:29:50'),
(372, 89, 157, '29/10/2016 15:29:50', '29/10/2016 15:29:50'),
(373, 89, 118, '29/10/2016 15:29:50', '29/10/2016 15:29:50'),
(374, 90, 166, '29/10/2016 15:29:51', '29/10/2016 15:29:51'),
(375, 90, 98, '29/10/2016 15:29:51', '29/10/2016 15:29:51'),
(376, 90, 161, '29/10/2016 15:29:51', '29/10/2016 15:29:51'),
(377, 90, 164, '29/10/2016 15:29:51', '29/10/2016 15:29:51'),
(378, 91, 117, '29/10/2016 15:29:51', '29/10/2016 15:29:51'),
(379, 91, 157, '29/10/2016 15:29:51', '29/10/2016 15:29:51'),
(380, 91, 132, '29/10/2016 15:29:51', '29/10/2016 15:29:51'),
(381, 91, 113, '29/10/2016 15:29:51', '29/10/2016 15:29:51'),
(382, 91, 146, '29/10/2016 15:29:51', '29/10/2016 15:29:51'),
(383, 92, 102, '29/10/2016 15:29:51', '29/10/2016 15:29:51'),
(384, 92, 116, '29/10/2016 15:29:51', '29/10/2016 15:29:51'),
(385, 93, 156, '29/10/2016 15:29:52', '29/10/2016 15:29:52'),
(386, 93, 167, '29/10/2016 15:29:52', '29/10/2016 15:29:52'),
(387, 94, 94, '29/10/2016 15:29:52', '29/10/2016 15:29:52'),
(388, 94, 123, '29/10/2016 15:29:52', '29/10/2016 15:29:52'),
(389, 94, 98, '29/10/2016 15:29:52', '29/10/2016 15:29:52'),
(390, 94, 132, '29/10/2016 15:29:52', '29/10/2016 15:29:52'),
(391, 95, 133, '29/10/2016 15:29:52', '29/10/2016 15:29:52'),
(392, 95, 159, '29/10/2016 15:29:52', '29/10/2016 15:29:52'),
(393, 95, 101, '29/10/2016 15:29:52', '29/10/2016 15:29:52'),
(394, 96, 118, '29/10/2016 15:29:53', '29/10/2016 15:29:53'),
(395, 96, 168, '29/10/2016 15:29:53', '29/10/2016 15:29:53'),
(396, 96, 95, '29/10/2016 15:29:53', '29/10/2016 15:29:53'),
(397, 96, 152, '29/10/2016 15:29:53', '29/10/2016 15:29:53'),
(398, 96, 107, '29/10/2016 15:29:53', '29/10/2016 15:29:53'),
(399, 96, 102, '29/10/2016 15:29:53', '29/10/2016 15:29:53'),
(400, 97, 166, '29/10/2016 15:29:53', '29/10/2016 15:29:53'),
(401, 97, 91, '29/10/2016 15:29:53', '29/10/2016 15:29:53'),
(402, 97, 148, '29/10/2016 15:29:53', '29/10/2016 15:29:53'),
(403, 97, 120, '29/10/2016 15:29:53', '29/10/2016 15:29:53'),
(404, 97, 134, '29/10/2016 15:29:53', '29/10/2016 15:29:53'),
(405, 98, 135, '29/10/2016 15:29:53', '29/10/2016 15:29:53'),
(406, 98, 163, '29/10/2016 15:29:53', '29/10/2016 15:29:53'),
(407, 98, 141, '29/10/2016 15:29:53', '29/10/2016 15:29:53'),
(408, 98, 125, '29/10/2016 15:29:53', '29/10/2016 15:29:53'),
(409, 98, 161, '29/10/2016 15:29:53', '29/10/2016 15:29:53'),
(410, 98, 89, '29/10/2016 15:29:53', '29/10/2016 15:29:53'),
(411, 99, 151, '29/10/2016 15:29:54', '29/10/2016 15:29:54'),
(412, 99, 169, '29/10/2016 15:29:54', '29/10/2016 15:29:54'),
(413, 99, 97, '29/10/2016 15:29:54', '29/10/2016 15:29:54'),
(414, 100, 111, '29/10/2016 15:29:54', '29/10/2016 15:29:54'),
(415, 100, 144, '29/10/2016 15:29:54', '29/10/2016 15:29:54'),
(416, 100, 170, '29/10/2016 15:29:54', '29/10/2016 15:29:54'),
(417, 100, 171, '29/10/2016 15:29:54', '29/10/2016 15:29:54'),
(418, 100, 146, '29/10/2016 15:29:54', '29/10/2016 15:29:54'),
(419, 100, 138, '29/10/2016 15:29:54', '29/10/2016 15:29:54'),
(420, 101, 131, '29/10/2016 15:29:55', '29/10/2016 15:29:55'),
(421, 101, 89, '29/10/2016 15:29:55', '29/10/2016 15:29:55'),
(422, 101, 169, '29/10/2016 15:29:55', '29/10/2016 15:29:55'),
(423, 101, 125, '29/10/2016 15:29:55', '29/10/2016 15:29:55'),
(424, 102, 92, '29/10/2016 15:29:55', '29/10/2016 15:29:55'),
(425, 102, 117, '29/10/2016 15:29:55', '29/10/2016 15:29:55'),
(426, 102, 161, '29/10/2016 15:29:55', '29/10/2016 15:29:55'),
(427, 102, 168, '29/10/2016 15:29:55', '29/10/2016 15:29:55'),
(428, 103, 94, '29/10/2016 15:29:55', '29/10/2016 15:29:55'),
(429, 103, 92, '29/10/2016 15:29:55', '29/10/2016 15:29:55'),
(430, 103, 158, '29/10/2016 15:29:55', '29/10/2016 15:29:55'),
(431, 103, 101, '29/10/2016 15:29:55', '29/10/2016 15:29:55'),
(432, 103, 172, '29/10/2016 15:29:55', '29/10/2016 15:29:55'),
(433, 104, 156, '29/10/2016 15:29:55', '29/10/2016 15:29:55'),
(434, 104, 90, '29/10/2016 15:29:55', '29/10/2016 15:29:55'),
(435, 104, 173, '29/10/2016 15:29:55', '29/10/2016 15:29:55'),
(436, 105, 158, '29/10/2016 15:29:55', '29/10/2016 15:29:55'),
(437, 105, 174, '29/10/2016 15:29:55', '29/10/2016 15:29:55'),
(438, 105, 97, '29/10/2016 15:29:55', '29/10/2016 15:29:55'),
(439, 105, 109, '29/10/2016 15:29:55', '29/10/2016 15:29:55'),
(440, 105, 129, '29/10/2016 15:29:55', '29/10/2016 15:29:55'),
(441, 106, 127, '29/10/2016 15:29:56', '29/10/2016 15:29:56'),
(442, 106, 89, '29/10/2016 15:29:56', '29/10/2016 15:29:56'),
(443, 106, 106, '29/10/2016 15:29:56', '29/10/2016 15:29:56'),
(444, 106, 152, '29/10/2016 15:29:56', '29/10/2016 15:29:56'),
(445, 106, 175, '29/10/2016 15:29:56', '29/10/2016 15:29:56'),
(446, 107, 161, '29/10/2016 15:29:56', '29/10/2016 15:29:56'),
(447, 107, 135, '29/10/2016 15:29:56', '29/10/2016 15:29:56'),
(448, 107, 89, '29/10/2016 15:29:56', '29/10/2016 15:29:56'),
(449, 107, 174, '29/10/2016 15:29:56', '29/10/2016 15:29:56'),
(450, 107, 113, '29/10/2016 15:29:56', '29/10/2016 15:29:56'),
(451, 108, 104, '29/10/2016 15:29:56', '29/10/2016 15:29:56'),
(452, 108, 167, '29/10/2016 15:29:56', '29/10/2016 15:29:56'),
(453, 108, 161, '29/10/2016 15:29:56', '29/10/2016 15:29:56'),
(454, 109, 146, '29/10/2016 15:29:57', '29/10/2016 15:29:57'),
(455, 109, 151, '29/10/2016 15:29:57', '29/10/2016 15:29:57'),
(456, 109, 90, '29/10/2016 15:29:57', '29/10/2016 15:29:57'),
(457, 110, 137, '29/10/2016 15:29:57', '29/10/2016 15:29:57'),
(458, 110, 170, '29/10/2016 15:29:57', '29/10/2016 15:29:57'),
(459, 110, 139, '29/10/2016 15:29:57', '29/10/2016 15:29:57'),
(460, 110, 156, '29/10/2016 15:29:57', '29/10/2016 15:29:57'),
(461, 111, 98, '29/10/2016 15:29:57', '29/10/2016 15:29:57'),
(462, 111, 140, '29/10/2016 15:29:57', '29/10/2016 15:29:57'),
(463, 111, 170, '29/10/2016 15:29:57', '29/10/2016 15:29:57'),
(464, 111, 111, '29/10/2016 15:29:57', '29/10/2016 15:29:57'),
(465, 112, 176, '29/10/2016 15:29:57', '29/10/2016 15:29:57'),
(466, 112, 92, '29/10/2016 15:29:57', '29/10/2016 15:29:57'),
(467, 112, 128, '29/10/2016 15:29:57', '29/10/2016 15:29:57'),
(468, 112, 101, '29/10/2016 15:29:57', '29/10/2016 15:29:57'),
(469, 112, 172, '29/10/2016 15:29:57', '29/10/2016 15:29:57'),
(470, 113, 101, '29/10/2016 15:29:57', '29/10/2016 15:29:57'),
(471, 113, 142, '29/10/2016 15:29:57', '29/10/2016 15:29:57'),
(472, 114, 121, '29/10/2016 15:29:57', '29/10/2016 15:29:57'),
(473, 114, 152, '29/10/2016 15:29:57', '29/10/2016 15:29:57'),
(474, 114, 134, '29/10/2016 15:29:57', '29/10/2016 15:29:57'),
(475, 114, 107, '29/10/2016 15:29:57', '29/10/2016 15:29:57'),
(476, 114, 167, '29/10/2016 15:29:57', '29/10/2016 15:29:57'),
(477, 115, 135, '29/10/2016 15:29:58', '29/10/2016 15:29:58'),
(478, 115, 131, '29/10/2016 15:29:58', '29/10/2016 15:29:58'),
(479, 115, 151, '29/10/2016 15:29:58', '29/10/2016 15:29:58'),
(480, 116, 153, '29/10/2016 15:29:58', '29/10/2016 15:29:58'),
(481, 116, 115, '29/10/2016 15:29:58', '29/10/2016 15:29:58'),
(482, 116, 159, '29/10/2016 15:29:58', '29/10/2016 15:29:58'),
(483, 116, 113, '29/10/2016 15:29:58', '29/10/2016 15:29:58'),
(484, 116, 125, '29/10/2016 15:29:58', '29/10/2016 15:29:58'),
(485, 116, 177, '29/10/2016 15:29:58', '29/10/2016 15:29:58'),
(486, 117, 159, '29/10/2016 15:29:58', '29/10/2016 15:29:58'),
(487, 117, 101, '29/10/2016 15:29:58', '29/10/2016 15:29:58'),
(488, 118, 159, '29/10/2016 15:29:58', '29/10/2016 15:29:58'),
(489, 118, 121, '29/10/2016 15:29:58', '29/10/2016 15:29:58'),
(490, 119, 123, '29/10/2016 15:29:58', '29/10/2016 15:29:58'),
(491, 119, 135, '29/10/2016 15:29:58', '29/10/2016 15:29:58'),
(492, 119, 120, '29/10/2016 15:29:58', '29/10/2016 15:29:58'),
(493, 119, 91, '29/10/2016 15:29:58', '29/10/2016 15:29:58'),
(494, 119, 92, '29/10/2016 15:29:58', '29/10/2016 15:29:58'),
(495, 119, 107, '29/10/2016 15:29:58', '29/10/2016 15:29:58'),
(496, 120, 126, '29/10/2016 15:29:58', '29/10/2016 15:29:58'),
(497, 120, 128, '29/10/2016 15:29:58', '29/10/2016 15:29:58'),
(498, 120, 117, '29/10/2016 15:29:58', '29/10/2016 15:29:58'),
(499, 120, 93, '29/10/2016 15:29:59', '29/10/2016 15:29:59'),
(500, 120, 146, '29/10/2016 15:29:59', '29/10/2016 15:29:59'),
(501, 120, 174, '29/10/2016 15:29:59', '29/10/2016 15:29:59'),
(502, 121, 124, '29/10/2016 15:29:59', '29/10/2016 15:29:59'),
(503, 121, 142, '29/10/2016 15:29:59', '29/10/2016 15:29:59'),
(504, 121, 104, '29/10/2016 15:29:59', '29/10/2016 15:29:59'),
(505, 121, 122, '29/10/2016 15:29:59', '29/10/2016 15:29:59'),
(506, 121, 177, '29/10/2016 15:29:59', '29/10/2016 15:29:59'),
(507, 121, 98, '29/10/2016 15:29:59', '29/10/2016 15:29:59'),
(508, 122, 107, '29/10/2016 15:29:59', '29/10/2016 15:29:59'),
(509, 122, 144, '29/10/2016 15:29:59', '29/10/2016 15:29:59'),
(510, 122, 171, '29/10/2016 15:29:59', '29/10/2016 15:29:59'),
(511, 122, 163, '29/10/2016 15:29:59', '29/10/2016 15:29:59'),
(512, 123, 134, '29/10/2016 15:29:59', '29/10/2016 15:29:59'),
(513, 123, 156, '29/10/2016 15:29:59', '29/10/2016 15:29:59'),
(514, 123, 172, '29/10/2016 15:29:59', '29/10/2016 15:29:59'),
(515, 123, 178, '29/10/2016 15:29:59', '29/10/2016 15:29:59'),
(516, 124, 108, '29/10/2016 15:29:59', '29/10/2016 15:29:59'),
(517, 124, 123, '29/10/2016 15:29:59', '29/10/2016 15:29:59'),
(518, 125, 132, '29/10/2016 15:29:59', '29/10/2016 15:29:59'),
(519, 125, 93, '29/10/2016 15:29:59', '29/10/2016 15:29:59'),
(520, 125, 139, '29/10/2016 15:29:59', '29/10/2016 15:29:59'),
(521, 126, 117, '29/10/2016 15:30:00', '29/10/2016 15:30:00'),
(522, 126, 159, '29/10/2016 15:30:00', '29/10/2016 15:30:00'),
(523, 126, 162, '29/10/2016 15:30:00', '29/10/2016 15:30:00'),
(524, 127, 91, '29/10/2016 15:30:00', '29/10/2016 15:30:00'),
(525, 127, 179, '29/10/2016 15:30:00', '29/10/2016 15:30:00'),
(526, 128, 166, '29/10/2016 15:30:00', '29/10/2016 15:30:00'),
(527, 128, 110, '29/10/2016 15:30:00', '29/10/2016 15:30:00'),
(528, 128, 112, '29/10/2016 15:30:00', '29/10/2016 15:30:00'),
(529, 128, 95, '29/10/2016 15:30:00', '29/10/2016 15:30:00'),
(530, 128, 137, '29/10/2016 15:30:00', '29/10/2016 15:30:00'),
(531, 129, 135, '29/10/2016 15:30:00', '29/10/2016 15:30:00'),
(532, 129, 134, '29/10/2016 15:30:00', '29/10/2016 15:30:00'),
(533, 129, 122, '29/10/2016 15:30:00', '29/10/2016 15:30:00'),
(534, 130, 135, '29/10/2016 15:30:00', '29/10/2016 15:30:00'),
(535, 130, 89, '29/10/2016 15:30:00', '29/10/2016 15:30:00'),
(536, 131, 177, '29/10/2016 15:30:00', '29/10/2016 15:30:00'),
(537, 131, 165, '29/10/2016 15:30:00', '29/10/2016 15:30:00'),
(538, 131, 91, '29/10/2016 15:30:00', '29/10/2016 15:30:00'),
(539, 131, 133, '29/10/2016 15:30:00', '29/10/2016 15:30:00'),
(540, 131, 106, '29/10/2016 15:30:00', '29/10/2016 15:30:00'),
(541, 131, 95, '29/10/2016 15:30:00', '29/10/2016 15:30:00'),
(542, 132, 134, '29/10/2016 15:30:01', '29/10/2016 15:30:01'),
(543, 132, 117, '29/10/2016 15:30:01', '29/10/2016 15:30:01'),
(544, 132, 169, '29/10/2016 15:30:01', '29/10/2016 15:30:01'),
(545, 133, 161, '29/10/2016 15:30:01', '29/10/2016 15:30:01'),
(546, 133, 89, '29/10/2016 15:30:01', '29/10/2016 15:30:01'),
(547, 133, 169, '29/10/2016 15:30:01', '29/10/2016 15:30:01'),
(548, 133, 171, '29/10/2016 15:30:01', '29/10/2016 15:30:01'),
(549, 134, 148, '29/10/2016 15:30:01', '29/10/2016 15:30:01'),
(550, 134, 134, '29/10/2016 15:30:01', '29/10/2016 15:30:01'),
(551, 134, 160, '29/10/2016 15:30:01', '29/10/2016 15:30:01'),
(552, 134, 90, '29/10/2016 15:30:01', '29/10/2016 15:30:01'),
(553, 134, 132, '29/10/2016 15:30:01', '29/10/2016 15:30:01'),
(554, 134, 159, '29/10/2016 15:30:01', '29/10/2016 15:30:01'),
(555, 135, 145, '29/10/2016 15:30:01', '29/10/2016 15:30:01'),
(556, 135, 92, '29/10/2016 15:30:01', '29/10/2016 15:30:01'),
(557, 135, 98, '29/10/2016 15:30:01', '29/10/2016 15:30:01'),
(558, 135, 112, '29/10/2016 15:30:01', '29/10/2016 15:30:01'),
(559, 136, 124, '29/10/2016 15:30:01', '29/10/2016 15:30:01'),
(560, 136, 123, '29/10/2016 15:30:01', '29/10/2016 15:30:01'),
(561, 136, 118, '29/10/2016 15:30:01', '29/10/2016 15:30:01'),
(562, 136, 122, '29/10/2016 15:30:01', '29/10/2016 15:30:01'),
(563, 137, 161, '29/10/2016 15:30:02', '29/10/2016 15:30:02'),
(564, 137, 166, '29/10/2016 15:30:02', '29/10/2016 15:30:02'),
(565, 137, 106, '29/10/2016 15:30:02', '29/10/2016 15:30:02'),
(566, 137, 131, '29/10/2016 15:30:02', '29/10/2016 15:30:02'),
(567, 137, 153, '29/10/2016 15:30:02', '29/10/2016 15:30:02'),
(568, 137, 147, '29/10/2016 15:30:02', '29/10/2016 15:30:02'),
(569, 138, 139, '29/10/2016 15:30:02', '29/10/2016 15:30:02'),
(570, 138, 120, '29/10/2016 15:30:02', '29/10/2016 15:30:02'),
(571, 138, 152, '29/10/2016 15:30:02', '29/10/2016 15:30:02'),
(572, 138, 125, '29/10/2016 15:30:02', '29/10/2016 15:30:02'),
(573, 138, 164, '29/10/2016 15:30:02', '29/10/2016 15:30:02'),
(574, 139, 171, '29/10/2016 15:30:02', '29/10/2016 15:30:02'),
(575, 139, 116, '29/10/2016 15:30:02', '29/10/2016 15:30:02'),
(576, 140, 102, '29/10/2016 15:30:02', '29/10/2016 15:30:02'),
(577, 140, 136, '29/10/2016 15:30:02', '29/10/2016 15:30:02'),
(578, 140, 152, '29/10/2016 15:30:02', '29/10/2016 15:30:02'),
(579, 140, 105, '29/10/2016 15:30:02', '29/10/2016 15:30:02'),
(580, 140, 147, '29/10/2016 15:30:02', '29/10/2016 15:30:02'),
(581, 140, 100, '29/10/2016 15:30:02', '29/10/2016 15:30:02'),
(582, 141, 154, '29/10/2016 15:30:02', '29/10/2016 15:30:02'),
(583, 141, 99, '29/10/2016 15:30:02', '29/10/2016 15:30:02'),
(584, 141, 122, '29/10/2016 15:30:02', '29/10/2016 15:30:02'),
(585, 141, 153, '29/10/2016 15:30:02', '29/10/2016 15:30:02'),
(586, 141, 117, '29/10/2016 15:30:02', '29/10/2016 15:30:02'),
(587, 142, 92, '29/10/2016 15:30:03', '29/10/2016 15:30:03'),
(588, 142, 108, '29/10/2016 15:30:03', '29/10/2016 15:30:03'),
(589, 143, 97, '29/10/2016 15:30:03', '29/10/2016 15:30:03'),
(590, 143, 178, '29/10/2016 15:30:03', '29/10/2016 15:30:03'),
(591, 143, 124, '29/10/2016 15:30:03', '29/10/2016 15:30:03'),
(592, 143, 180, '29/10/2016 15:30:03', '29/10/2016 15:30:03'),
(593, 143, 95, '29/10/2016 15:30:03', '29/10/2016 15:30:03'),
(594, 144, 99, '29/10/2016 15:30:03', '29/10/2016 15:30:03'),
(595, 144, 134, '29/10/2016 15:30:03', '29/10/2016 15:30:03'),
(596, 144, 147, '29/10/2016 15:30:03', '29/10/2016 15:30:03'),
(597, 144, 92, '29/10/2016 15:30:03', '29/10/2016 15:30:03'),
(598, 144, 159, '29/10/2016 15:30:03', '29/10/2016 15:30:03'),
(599, 144, 177, '29/10/2016 15:30:03', '29/10/2016 15:30:03'),
(600, 145, 155, '29/10/2016 15:30:03', '29/10/2016 15:30:03'),
(601, 145, 176, '29/10/2016 15:30:03', '29/10/2016 15:30:03'),
(602, 145, 159, '29/10/2016 15:30:03', '29/10/2016 15:30:03'),
(603, 146, 100, '29/10/2016 15:30:03', '29/10/2016 15:30:03'),
(604, 146, 99, '29/10/2016 15:30:03', '29/10/2016 15:30:03'),
(605, 146, 105, '29/10/2016 15:30:03', '29/10/2016 15:30:03'),
(606, 146, 173, '29/10/2016 15:30:03', '29/10/2016 15:30:03'),
(607, 147, 152, '29/10/2016 15:30:03', '29/10/2016 15:30:03'),
(608, 147, 123, '29/10/2016 15:30:03', '29/10/2016 15:30:03'),
(609, 147, 153, '29/10/2016 15:30:03', '29/10/2016 15:30:03'),
(610, 147, 176, '29/10/2016 15:30:03', '29/10/2016 15:30:03'),
(611, 147, 116, '29/10/2016 15:30:03', '29/10/2016 15:30:03'),
(612, 147, 163, '29/10/2016 15:30:03', '29/10/2016 15:30:03'),
(613, 148, 135, '29/10/2016 15:30:04', '29/10/2016 15:30:04'),
(614, 148, 108, '29/10/2016 15:30:04', '29/10/2016 15:30:04'),
(615, 148, 100, '29/10/2016 15:30:04', '29/10/2016 15:30:04'),
(616, 148, 116, '29/10/2016 15:30:04', '29/10/2016 15:30:04'),
(617, 148, 181, '29/10/2016 15:30:04', '29/10/2016 15:30:04'),
(618, 148, 149, '29/10/2016 15:30:04', '29/10/2016 15:30:04'),
(619, 149, 134, '29/10/2016 15:30:04', '29/10/2016 15:30:04'),
(620, 149, 91, '29/10/2016 15:30:04', '29/10/2016 15:30:04'),
(621, 149, 162, '29/10/2016 15:30:04', '29/10/2016 15:30:04'),
(622, 149, 172, '29/10/2016 15:30:04', '29/10/2016 15:30:04'),
(623, 149, 115, '29/10/2016 15:30:04', '29/10/2016 15:30:04'),
(624, 150, 144, '29/10/2016 15:30:04', '29/10/2016 15:30:04'),
(625, 150, 152, '29/10/2016 15:30:04', '29/10/2016 15:30:04'),
(626, 151, 143, '29/10/2016 15:30:04', '29/10/2016 15:30:04'),
(627, 151, 116, '29/10/2016 15:30:04', '29/10/2016 15:30:04'),
(628, 151, 162, '29/10/2016 15:30:04', '29/10/2016 15:30:04'),
(629, 151, 174, '29/10/2016 15:30:04', '29/10/2016 15:30:04'),
(630, 151, 117, '29/10/2016 15:30:04', '29/10/2016 15:30:04'),
(631, 151, 93, '29/10/2016 15:30:04', '29/10/2016 15:30:04'),
(632, 152, 99, '29/10/2016 15:30:04', '29/10/2016 15:30:04'),
(633, 152, 134, '29/10/2016 15:30:04', '29/10/2016 15:30:04'),
(634, 152, 94, '29/10/2016 15:30:04', '29/10/2016 15:30:04'),
(635, 153, 111, '29/10/2016 15:30:04', '29/10/2016 15:30:04'),
(636, 153, 179, '29/10/2016 15:30:04', '29/10/2016 15:30:04'),
(637, 153, 125, '29/10/2016 15:30:04', '29/10/2016 15:30:04'),
(638, 153, 91, '29/10/2016 15:30:04', '29/10/2016 15:30:04'),
(639, 153, 167, '29/10/2016 15:30:04', '29/10/2016 15:30:04'),
(640, 154, 92, '29/10/2016 15:30:04', '29/10/2016 15:30:04'),
(641, 154, 120, '29/10/2016 15:30:04', '29/10/2016 15:30:04'),
(642, 154, 175, '29/10/2016 15:30:04', '29/10/2016 15:30:04'),
(643, 154, 96, '29/10/2016 15:30:04', '29/10/2016 15:30:04'),
(644, 154, 176, '29/10/2016 15:30:04', '29/10/2016 15:30:04'),
(645, 154, 169, '29/10/2016 15:30:04', '29/10/2016 15:30:04'),
(646, 155, 148, '29/10/2016 15:30:05', '29/10/2016 15:30:05'),
(647, 155, 143, '29/10/2016 15:30:05', '29/10/2016 15:30:05'),
(648, 155, 155, '29/10/2016 15:30:05', '29/10/2016 15:30:05'),
(649, 155, 147, '29/10/2016 15:30:05', '29/10/2016 15:30:05'),
(650, 155, 95, '29/10/2016 15:30:05', '29/10/2016 15:30:05'),
(651, 156, 97, '29/10/2016 15:30:05', '29/10/2016 15:30:05'),
(652, 156, 156, '29/10/2016 15:30:05', '29/10/2016 15:30:05'),
(653, 157, 92, '29/10/2016 15:30:05', '29/10/2016 15:30:05'),
(654, 157, 143, '29/10/2016 15:30:05', '29/10/2016 15:30:05'),
(655, 157, 105, '29/10/2016 15:30:05', '29/10/2016 15:30:05'),
(656, 157, 169, '29/10/2016 15:30:05', '29/10/2016 15:30:05'),
(657, 158, 166, '29/10/2016 15:30:05', '29/10/2016 15:30:05'),
(658, 158, 127, '29/10/2016 15:30:05', '29/10/2016 15:30:05'),
(659, 158, 176, '29/10/2016 15:30:05', '29/10/2016 15:30:05'),
(660, 158, 100, '29/10/2016 15:30:05', '29/10/2016 15:30:05'),
(661, 158, 119, '29/10/2016 15:30:05', '29/10/2016 15:30:05'),
(662, 159, 139, '29/10/2016 15:30:05', '29/10/2016 15:30:05'),
(663, 159, 92, '29/10/2016 15:30:05', '29/10/2016 15:30:05'),
(664, 159, 100, '29/10/2016 15:30:05', '29/10/2016 15:30:05'),
(665, 159, 149, '29/10/2016 15:30:05', '29/10/2016 15:30:05'),
(666, 159, 160, '29/10/2016 15:30:05', '29/10/2016 15:30:05'),
(667, 159, 134, '29/10/2016 15:30:05', '29/10/2016 15:30:05'),
(668, 160, 131, '29/10/2016 15:30:05', '29/10/2016 15:30:05'),
(669, 160, 159, '29/10/2016 15:30:05', '29/10/2016 15:30:05'),
(670, 160, 137, '29/10/2016 15:30:05', '29/10/2016 15:30:05'),
(671, 160, 153, '29/10/2016 15:30:05', '29/10/2016 15:30:05'),
(672, 160, 133, '29/10/2016 15:30:05', '29/10/2016 15:30:05'),
(673, 161, 101, '29/10/2016 15:30:06', '29/10/2016 15:30:06'),
(674, 161, 152, '29/10/2016 15:30:06', '29/10/2016 15:30:06'),
(675, 161, 159, '29/10/2016 15:30:06', '29/10/2016 15:30:06'),
(676, 161, 92, '29/10/2016 15:30:06', '29/10/2016 15:30:06'),
(677, 161, 99, '29/10/2016 15:30:06', '29/10/2016 15:30:06'),
(678, 162, 151, '29/10/2016 15:30:06', '29/10/2016 15:30:06'),
(679, 162, 182, '29/10/2016 15:30:06', '29/10/2016 15:30:06'),
(680, 162, 138, '29/10/2016 15:30:06', '29/10/2016 15:30:06'),
(681, 162, 95, '29/10/2016 15:30:06', '29/10/2016 15:30:06'),
(682, 163, 102, '29/10/2016 15:30:06', '29/10/2016 15:30:06'),
(683, 163, 172, '29/10/2016 15:30:06', '29/10/2016 15:30:06'),
(684, 163, 135, '29/10/2016 15:30:06', '29/10/2016 15:30:06'),
(685, 163, 155, '29/10/2016 15:30:06', '29/10/2016 15:30:06'),
(686, 164, 158, '29/10/2016 15:30:06', '29/10/2016 15:30:06'),
(687, 164, 149, '29/10/2016 15:30:06', '29/10/2016 15:30:06'),
(688, 164, 98, '29/10/2016 15:30:06', '29/10/2016 15:30:06'),
(689, 165, 163, '29/10/2016 15:30:06', '29/10/2016 15:30:06'),
(690, 165, 142, '29/10/2016 15:30:06', '29/10/2016 15:30:06'),
(691, 165, 92, '29/10/2016 15:30:06', '29/10/2016 15:30:06'),
(692, 165, 137, '29/10/2016 15:30:06', '29/10/2016 15:30:06'),
(693, 165, 126, '29/10/2016 15:30:06', '29/10/2016 15:30:06'),
(694, 165, 154, '29/10/2016 15:30:06', '29/10/2016 15:30:06'),
(695, 166, 139, '29/10/2016 15:30:06', '29/10/2016 15:30:06'),
(696, 166, 171, '29/10/2016 15:30:06', '29/10/2016 15:30:06'),
(697, 166, 131, '29/10/2016 15:30:06', '29/10/2016 15:30:06'),
(698, 166, 161, '29/10/2016 15:30:06', '29/10/2016 15:30:06'),
(699, 166, 127, '29/10/2016 15:30:06', '29/10/2016 15:30:06'),
(700, 167, 135, '29/10/2016 15:30:06', '29/10/2016 15:30:06'),
(701, 167, 109, '29/10/2016 15:30:06', '29/10/2016 15:30:06'),
(702, 167, 159, '29/10/2016 15:30:06', '29/10/2016 15:30:06'),
(703, 168, 123, '29/10/2016 15:30:07', '29/10/2016 15:30:07'),
(704, 168, 132, '29/10/2016 15:30:07', '29/10/2016 15:30:07'),
(705, 168, 107, '29/10/2016 15:30:07', '29/10/2016 15:30:07'),
(706, 168, 122, '29/10/2016 15:30:07', '29/10/2016 15:30:07'),
(707, 168, 101, '29/10/2016 15:30:07', '29/10/2016 15:30:07'),
(708, 168, 90, '29/10/2016 15:30:07', '29/10/2016 15:30:07'),
(709, 169, 101, '29/10/2016 15:30:07', '29/10/2016 15:30:07'),
(710, 169, 142, '29/10/2016 15:30:07', '29/10/2016 15:30:07'),
(711, 169, 183, '29/10/2016 15:30:07', '29/10/2016 15:30:07'),
(712, 169, 175, '29/10/2016 15:30:07', '29/10/2016 15:30:07'),
(713, 169, 131, '29/10/2016 15:30:07', '29/10/2016 15:30:07'),
(714, 170, 159, '29/10/2016 15:30:07', '29/10/2016 15:30:07'),
(715, 170, 134, '29/10/2016 15:30:07', '29/10/2016 15:30:07'),
(716, 170, 114, '29/10/2016 15:30:07', '29/10/2016 15:30:07'),
(717, 171, 169, '29/10/2016 15:30:07', '29/10/2016 15:30:07'),
(718, 171, 92, '29/10/2016 15:30:07', '29/10/2016 15:30:07'),
(719, 171, 146, '29/10/2016 15:30:07', '29/10/2016 15:30:07'),
(720, 172, 115, '29/10/2016 15:30:07', '29/10/2016 15:30:07'),
(721, 172, 165, '29/10/2016 15:30:07', '29/10/2016 15:30:07'),
(722, 172, 125, '29/10/2016 15:30:07', '29/10/2016 15:30:07'),
(723, 173, 130, '29/10/2016 15:30:07', '29/10/2016 15:30:07'),
(724, 173, 131, '29/10/2016 15:30:07', '29/10/2016 15:30:07'),
(725, 173, 127, '29/10/2016 15:30:07', '29/10/2016 15:30:07'),
(726, 174, 169, '29/10/2016 15:30:08', '29/10/2016 15:30:08'),
(727, 174, 111, '29/10/2016 15:30:08', '29/10/2016 15:30:08'),
(728, 174, 91, '29/10/2016 15:30:08', '29/10/2016 15:30:08'),
(729, 174, 102, '29/10/2016 15:30:08', '29/10/2016 15:30:08'),
(730, 174, 98, '29/10/2016 15:30:08', '29/10/2016 15:30:08'),
(731, 175, 98, '29/10/2016 15:30:08', '29/10/2016 15:30:08'),
(732, 175, 140, '29/10/2016 15:30:08', '29/10/2016 15:30:08'),
(733, 176, 114, '29/10/2016 15:30:08', '29/10/2016 15:30:08'),
(734, 176, 111, '29/10/2016 15:30:08', '29/10/2016 15:30:08'),
(735, 176, 162, '29/10/2016 15:30:08', '29/10/2016 15:30:08'),
(736, 176, 104, '29/10/2016 15:30:08', '29/10/2016 15:30:08'),
(737, 176, 177, '29/10/2016 15:30:08', '29/10/2016 15:30:08'),
(738, 176, 134, '29/10/2016 15:30:08', '29/10/2016 15:30:08'),
(739, 177, 160, '29/10/2016 15:30:08', '29/10/2016 15:30:08'),
(740, 177, 159, '29/10/2016 15:30:08', '29/10/2016 15:30:08'),
(741, 177, 130, '29/10/2016 15:30:08', '29/10/2016 15:30:08'),
(742, 178, 141, '29/10/2016 15:30:08', '29/10/2016 15:30:08'),
(743, 178, 89, '29/10/2016 15:30:08', '29/10/2016 15:30:08'),
(744, 178, 97, '29/10/2016 15:30:08', '29/10/2016 15:30:08'),
(745, 178, 154, '29/10/2016 15:30:08', '29/10/2016 15:30:08'),
(746, 178, 98, '29/10/2016 15:30:08', '29/10/2016 15:30:08'),
(747, 179, 115, '29/10/2016 15:30:09', '29/10/2016 15:30:09'),
(748, 179, 159, '29/10/2016 15:30:09', '29/10/2016 15:30:09'),
(749, 180, 146, '29/10/2016 15:30:09', '29/10/2016 15:30:09'),
(750, 180, 159, '29/10/2016 15:30:09', '29/10/2016 15:30:09'),
(751, 180, 116, '29/10/2016 15:30:09', '29/10/2016 15:30:09'),
(752, 180, 93, '29/10/2016 15:30:09', '29/10/2016 15:30:09'),
(753, 180, 115, '29/10/2016 15:30:09', '29/10/2016 15:30:09'),
(754, 180, 95, '29/10/2016 15:30:09', '29/10/2016 15:30:09'),
(755, 181, 155, '29/10/2016 15:30:09', '29/10/2016 15:30:09'),
(756, 181, 135, '29/10/2016 15:30:09', '29/10/2016 15:30:09'),
(757, 181, 89, '29/10/2016 15:30:09', '29/10/2016 15:30:09'),
(758, 181, 98, '29/10/2016 15:30:09', '29/10/2016 15:30:09'),
(759, 181, 162, '29/10/2016 15:30:09', '29/10/2016 15:30:09'),
(760, 182, 166, '29/10/2016 15:30:09', '29/10/2016 15:30:09'),
(761, 182, 171, '29/10/2016 15:30:09', '29/10/2016 15:30:09'),
(762, 182, 134, '29/10/2016 15:30:09', '29/10/2016 15:30:09'),
(763, 182, 95, '29/10/2016 15:30:09', '29/10/2016 15:30:09'),
(764, 182, 101, '29/10/2016 15:30:09', '29/10/2016 15:30:09'),
(765, 182, 129, '29/10/2016 15:30:09', '29/10/2016 15:30:09'),
(766, 183, 101, '29/10/2016 15:30:09', '29/10/2016 15:30:09'),
(767, 183, 131, '29/10/2016 15:30:09', '29/10/2016 15:30:09'),
(768, 183, 149, '29/10/2016 15:30:09', '29/10/2016 15:30:09'),
(769, 183, 102, '29/10/2016 15:30:09', '29/10/2016 15:30:09'),
(770, 183, 107, '29/10/2016 15:30:09', '29/10/2016 15:30:09'),
(771, 183, 130, '29/10/2016 15:30:09', '29/10/2016 15:30:09'),
(772, 184, 96, '29/10/2016 15:30:09', '29/10/2016 15:30:09'),
(773, 184, 153, '29/10/2016 15:30:09', '29/10/2016 15:30:09'),
(774, 184, 159, '29/10/2016 15:30:09', '29/10/2016 15:30:09'),
(775, 184, 103, '29/10/2016 15:30:09', '29/10/2016 15:30:09'),
(776, 184, 183, '29/10/2016 15:30:09', '29/10/2016 15:30:09'),
(777, 184, 93, '29/10/2016 15:30:09', '29/10/2016 15:30:09'),
(778, 185, 171, '29/10/2016 15:30:09', '29/10/2016 15:30:09'),
(779, 185, 174, '29/10/2016 15:30:09', '29/10/2016 15:30:09'),
(780, 186, 119, '29/10/2016 15:30:10', '29/10/2016 15:30:10'),
(781, 186, 157, '29/10/2016 15:30:10', '29/10/2016 15:30:10'),
(782, 187, 145, '29/10/2016 15:30:10', '29/10/2016 15:30:10'),
(783, 187, 104, '29/10/2016 15:30:10', '29/10/2016 15:30:10'),
(784, 188, 175, '29/10/2016 15:30:10', '29/10/2016 15:30:10'),
(785, 188, 174, '29/10/2016 15:30:10', '29/10/2016 15:30:10'),
(786, 188, 105, '29/10/2016 15:30:10', '29/10/2016 15:30:10'),
(787, 188, 126, '29/10/2016 15:30:10', '29/10/2016 15:30:10'),
(788, 188, 153, '29/10/2016 15:30:10', '29/10/2016 15:30:10'),
(789, 189, 139, '29/10/2016 15:30:10', '29/10/2016 15:30:10'),
(790, 189, 102, '29/10/2016 15:30:10', '29/10/2016 15:30:10'),
(791, 189, 121, '29/10/2016 15:30:10', '29/10/2016 15:30:10'),
(792, 189, 134, '29/10/2016 15:30:10', '29/10/2016 15:30:10'),
(793, 189, 152, '29/10/2016 15:30:10', '29/10/2016 15:30:10'),
(794, 189, 164, '29/10/2016 15:30:10', '29/10/2016 15:30:10'),
(795, 190, 172, '29/10/2016 15:30:10', '29/10/2016 15:30:10'),
(796, 190, 144, '29/10/2016 15:30:10', '29/10/2016 15:30:10'),
(797, 190, 135, '29/10/2016 15:30:10', '29/10/2016 15:30:10'),
(798, 190, 112, '29/10/2016 15:30:10', '29/10/2016 15:30:10'),
(799, 190, 102, '29/10/2016 15:30:10', '29/10/2016 15:30:10'),
(800, 191, 95, '29/10/2016 15:30:10', '29/10/2016 15:30:10'),
(801, 191, 142, '29/10/2016 15:30:10', '29/10/2016 15:30:10'),
(802, 191, 97, '29/10/2016 15:30:10', '29/10/2016 15:30:10'),
(803, 191, 182, '29/10/2016 15:30:10', '29/10/2016 15:30:10'),
(804, 192, 149, '29/10/2016 15:30:10', '29/10/2016 15:30:10'),
(805, 192, 128, '29/10/2016 15:30:10', '29/10/2016 15:30:10'),
(806, 192, 178, '29/10/2016 15:30:10', '29/10/2016 15:30:10'),
(807, 192, 89, '29/10/2016 15:30:10', '29/10/2016 15:30:10'),
(808, 192, 135, '29/10/2016 15:30:10', '29/10/2016 15:30:10'),
(809, 192, 126, '29/10/2016 15:30:10', '29/10/2016 15:30:10'),
(810, 193, 159, '29/10/2016 15:30:11', '29/10/2016 15:30:11'),
(811, 193, 101, '29/10/2016 15:30:11', '29/10/2016 15:30:11'),
(812, 193, 177, '29/10/2016 15:30:11', '29/10/2016 15:30:11'),
(813, 194, 136, '29/10/2016 15:30:11', '29/10/2016 15:30:11'),
(814, 194, 132, '29/10/2016 15:30:11', '29/10/2016 15:30:11'),
(815, 194, 169, '29/10/2016 15:30:11', '29/10/2016 15:30:11'),
(816, 194, 89, '29/10/2016 15:30:11', '29/10/2016 15:30:11'),
(817, 194, 101, '29/10/2016 15:30:11', '29/10/2016 15:30:11'),
(818, 194, 120, '29/10/2016 15:30:11', '29/10/2016 15:30:11'),
(819, 195, 146, '29/10/2016 15:30:11', '29/10/2016 15:30:11'),
(820, 195, 158, '29/10/2016 15:30:11', '29/10/2016 15:30:11'),
(821, 195, 152, '29/10/2016 15:30:11', '29/10/2016 15:30:11'),
(822, 195, 100, '29/10/2016 15:30:11', '29/10/2016 15:30:11'),
(823, 196, 115, '29/10/2016 15:30:11', '29/10/2016 15:30:11'),
(824, 196, 152, '29/10/2016 15:30:11', '29/10/2016 15:30:11'),
(825, 196, 100, '29/10/2016 15:30:11', '29/10/2016 15:30:11'),
(826, 197, 177, '29/10/2016 15:30:11', '29/10/2016 15:30:11'),
(827, 197, 102, '29/10/2016 15:30:11', '29/10/2016 15:30:11'),
(828, 197, 161, '29/10/2016 15:30:11', '29/10/2016 15:30:11'),
(829, 198, 169, '29/10/2016 15:30:11', '29/10/2016 15:30:11'),
(830, 198, 112, '29/10/2016 15:30:11', '29/10/2016 15:30:11'),
(831, 198, 93, '29/10/2016 15:30:11', '29/10/2016 15:30:11'),
(832, 199, 166, '29/10/2016 15:30:12', '29/10/2016 15:30:12'),
(833, 199, 178, '29/10/2016 15:30:12', '29/10/2016 15:30:12'),
(834, 199, 102, '29/10/2016 15:30:12', '29/10/2016 15:30:12'),
(835, 199, 107, '29/10/2016 15:30:12', '29/10/2016 15:30:12'),
(836, 199, 98, '29/10/2016 15:30:12', '29/10/2016 15:30:12'),
(837, 199, 151, '29/10/2016 15:30:12', '29/10/2016 15:30:12'),
(838, 200, 182, '29/10/2016 15:30:12', '29/10/2016 15:30:12'),
(839, 200, 138, '29/10/2016 15:30:12', '29/10/2016 15:30:12'),
(840, 200, 114, '29/10/2016 15:30:12', '29/10/2016 15:30:12'),
(841, 200, 92, '29/10/2016 15:30:12', '29/10/2016 15:30:12'),
(842, 201, 121, '29/10/2016 15:30:12', '29/10/2016 15:30:12'),
(843, 201, 90, '29/10/2016 15:30:12', '29/10/2016 15:30:12'),
(844, 201, 92, '29/10/2016 15:30:12', '29/10/2016 15:30:12'),
(845, 201, 146, '29/10/2016 15:30:12', '29/10/2016 15:30:12'),
(846, 202, 154, '29/10/2016 15:30:12', '29/10/2016 15:30:12'),
(847, 202, 179, '29/10/2016 15:30:12', '29/10/2016 15:30:12'),
(848, 202, 116, '29/10/2016 15:30:12', '29/10/2016 15:30:12'),
(849, 202, 178, '29/10/2016 15:30:12', '29/10/2016 15:30:12'),
(850, 203, 103, '29/10/2016 15:30:12', '29/10/2016 15:30:12'),
(851, 203, 112, '29/10/2016 15:30:12', '29/10/2016 15:30:12'),
(852, 203, 92, '29/10/2016 15:30:12', '29/10/2016 15:30:12'),
(853, 203, 147, '29/10/2016 15:30:12', '29/10/2016 15:30:12'),
(854, 203, 168, '29/10/2016 15:30:12', '29/10/2016 15:30:12'),
(855, 204, 181, '29/10/2016 15:30:12', '29/10/2016 15:30:12'),
(856, 204, 146, '29/10/2016 15:30:12', '29/10/2016 15:30:12'),
(857, 204, 105, '29/10/2016 15:30:12', '29/10/2016 15:30:12'),
(858, 205, 141, '29/10/2016 15:30:12', '29/10/2016 15:30:12'),
(859, 205, 120, '29/10/2016 15:30:12', '29/10/2016 15:30:12'),
(860, 205, 90, '29/10/2016 15:30:12', '29/10/2016 15:30:12'),
(861, 205, 117, '29/10/2016 15:30:12', '29/10/2016 15:30:12'),
(862, 205, 115, '29/10/2016 15:30:12', '29/10/2016 15:30:12'),
(863, 206, 153, '29/10/2016 15:30:13', '29/10/2016 15:30:13'),
(864, 206, 151, '29/10/2016 15:30:13', '29/10/2016 15:30:13'),
(865, 206, 115, '29/10/2016 15:30:13', '29/10/2016 15:30:13'),
(866, 207, 176, '29/10/2016 15:30:13', '29/10/2016 15:30:13'),
(867, 207, 115, '29/10/2016 15:30:13', '29/10/2016 15:30:13'),
(868, 207, 168, '29/10/2016 15:30:13', '29/10/2016 15:30:13'),
(869, 207, 121, '29/10/2016 15:30:13', '29/10/2016 15:30:13'),
(870, 208, 122, '29/10/2016 15:30:13', '29/10/2016 15:30:13'),
(871, 208, 166, '29/10/2016 15:30:13', '29/10/2016 15:30:13'),
(872, 208, 118, '29/10/2016 15:30:13', '29/10/2016 15:30:13'),
(873, 208, 130, '29/10/2016 15:30:13', '29/10/2016 15:30:13'),
(874, 208, 120, '29/10/2016 15:30:13', '29/10/2016 15:30:13'),
(875, 208, 108, '29/10/2016 15:30:13', '29/10/2016 15:30:13'),
(876, 209, 179, '29/10/2016 15:30:13', '29/10/2016 15:30:13'),
(877, 209, 136, '29/10/2016 15:30:13', '29/10/2016 15:30:13'),
(878, 210, 134, '29/10/2016 15:30:13', '29/10/2016 15:30:13'),
(879, 210, 133, '29/10/2016 15:30:13', '29/10/2016 15:30:13'),
(880, 210, 159, '29/10/2016 15:30:13', '29/10/2016 15:30:13'),
(881, 211, 129, '29/10/2016 15:30:14', '29/10/2016 15:30:14'),
(882, 211, 132, '29/10/2016 15:30:14', '29/10/2016 15:30:14'),
(883, 211, 142, '29/10/2016 15:30:14', '29/10/2016 15:30:14'),
(884, 211, 128, '29/10/2016 15:30:14', '29/10/2016 15:30:14'),
(885, 211, 125, '29/10/2016 15:30:14', '29/10/2016 15:30:14'),
(886, 212, 146, '29/10/2016 15:30:14', '29/10/2016 15:30:14'),
(887, 212, 111, '29/10/2016 15:30:14', '29/10/2016 15:30:14'),
(888, 212, 156, '29/10/2016 15:30:14', '29/10/2016 15:30:14'),
(889, 212, 138, '29/10/2016 15:30:14', '29/10/2016 15:30:14'),
(890, 213, 110, '29/10/2016 15:30:14', '29/10/2016 15:30:14'),
(891, 213, 124, '29/10/2016 15:30:14', '29/10/2016 15:30:14'),
(892, 214, 104, '29/10/2016 15:30:14', '29/10/2016 15:30:14'),
(893, 214, 124, '29/10/2016 15:30:14', '29/10/2016 15:30:14'),
(894, 215, 126, '29/10/2016 15:30:14', '29/10/2016 15:30:14'),
(895, 215, 158, '29/10/2016 15:30:14', '29/10/2016 15:30:14'),
(896, 215, 149, '29/10/2016 15:30:14', '29/10/2016 15:30:14'),
(897, 216, 141, '29/10/2016 15:30:14', '29/10/2016 15:30:14'),
(898, 216, 159, '29/10/2016 15:30:14', '29/10/2016 15:30:14'),
(899, 217, 102, '29/10/2016 15:30:14', '29/10/2016 15:30:14'),
(900, 217, 170, '29/10/2016 15:30:14', '29/10/2016 15:30:14'),
(901, 217, 124, '29/10/2016 15:30:14', '29/10/2016 15:30:14'),
(902, 218, 128, '29/10/2016 15:30:15', '29/10/2016 15:30:15'),
(903, 218, 166, '29/10/2016 15:30:15', '29/10/2016 15:30:15'),
(904, 218, 140, '29/10/2016 15:30:15', '29/10/2016 15:30:15'),
(905, 218, 141, '29/10/2016 15:30:15', '29/10/2016 15:30:15'),
(906, 218, 111, '29/10/2016 15:30:15', '29/10/2016 15:30:15'),
(907, 219, 171, '29/10/2016 15:30:15', '29/10/2016 15:30:15'),
(908, 219, 172, '29/10/2016 15:30:15', '29/10/2016 15:30:15'),
(909, 219, 173, '29/10/2016 15:30:15', '29/10/2016 15:30:15'),
(910, 219, 95, '29/10/2016 15:30:15', '29/10/2016 15:30:15'),
(911, 219, 159, '29/10/2016 15:30:15', '29/10/2016 15:30:15'),
(912, 219, 165, '29/10/2016 15:30:15', '29/10/2016 15:30:15'),
(913, 220, 165, '29/10/2016 15:30:15', '29/10/2016 15:30:15'),
(914, 220, 182, '29/10/2016 15:30:15', '29/10/2016 15:30:15'),
(915, 221, 99, '29/10/2016 15:30:15', '29/10/2016 15:30:15'),
(916, 221, 89, '29/10/2016 15:30:15', '29/10/2016 15:30:15'),
(917, 221, 97, '29/10/2016 15:30:15', '29/10/2016 15:30:15'),
(918, 222, 99, '29/10/2016 15:30:15', '29/10/2016 15:30:15'),
(919, 222, 116, '29/10/2016 15:30:15', '29/10/2016 15:30:15'),
(920, 223, 94, '29/10/2016 15:30:15', '29/10/2016 15:30:15'),
(921, 223, 142, '29/10/2016 15:30:15', '29/10/2016 15:30:15'),
(922, 223, 171, '29/10/2016 15:30:15', '29/10/2016 15:30:15'),
(923, 223, 134, '29/10/2016 15:30:15', '29/10/2016 15:30:15'),
(924, 223, 124, '29/10/2016 15:30:15', '29/10/2016 15:30:15'),
(925, 224, 167, '29/10/2016 15:30:15', '29/10/2016 15:30:15'),
(926, 224, 98, '29/10/2016 15:30:15', '29/10/2016 15:30:15'),
(927, 225, 97, '29/10/2016 15:30:16', '29/10/2016 15:30:16'),
(928, 225, 98, '29/10/2016 15:30:16', '29/10/2016 15:30:16'),
(929, 225, 172, '29/10/2016 15:30:16', '29/10/2016 15:30:16'),
(930, 225, 134, '29/10/2016 15:30:16', '29/10/2016 15:30:16'),
(931, 225, 101, '29/10/2016 15:30:16', '29/10/2016 15:30:16'),
(932, 226, 106, '29/10/2016 15:30:16', '29/10/2016 15:30:16'),
(933, 226, 101, '29/10/2016 15:30:16', '29/10/2016 15:30:16'),
(934, 226, 115, '29/10/2016 15:30:16', '29/10/2016 15:30:16'),
(935, 226, 146, '29/10/2016 15:30:16', '29/10/2016 15:30:16'),
(936, 226, 123, '29/10/2016 15:30:16', '29/10/2016 15:30:16'),
(937, 227, 91, '29/10/2016 15:30:16', '29/10/2016 15:30:16'),
(938, 227, 160, '29/10/2016 15:30:16', '29/10/2016 15:30:16'),
(939, 227, 143, '29/10/2016 15:30:16', '29/10/2016 15:30:16'),
(940, 228, 107, '29/10/2016 15:30:16', '29/10/2016 15:30:16'),
(941, 228, 163, '29/10/2016 15:30:16', '29/10/2016 15:30:16'),
(942, 228, 104, '29/10/2016 15:30:16', '29/10/2016 15:30:16'),
(943, 228, 177, '29/10/2016 15:30:16', '29/10/2016 15:30:16'),
(944, 228, 168, '29/10/2016 15:30:16', '29/10/2016 15:30:16'),
(945, 228, 119, '29/10/2016 15:30:16', '29/10/2016 15:30:16'),
(946, 229, 153, '29/10/2016 15:30:16', '29/10/2016 15:30:16'),
(947, 229, 146, '29/10/2016 15:30:16', '29/10/2016 15:30:16'),
(948, 230, 154, '29/10/2016 15:30:16', '29/10/2016 15:30:16'),
(949, 230, 98, '29/10/2016 15:30:16', '29/10/2016 15:30:16'),
(950, 230, 158, '29/10/2016 15:30:16', '29/10/2016 15:30:16'),
(951, 230, 166, '29/10/2016 15:30:16', '29/10/2016 15:30:16'),
(952, 230, 116, '29/10/2016 15:30:16', '29/10/2016 15:30:16'),
(953, 230, 97, '29/10/2016 15:30:16', '29/10/2016 15:30:16'),
(954, 231, 150, '29/10/2016 15:30:16', '29/10/2016 15:30:16'),
(955, 231, 134, '29/10/2016 15:30:16', '29/10/2016 15:30:16'),
(956, 231, 106, '29/10/2016 15:30:16', '29/10/2016 15:30:16'),
(957, 231, 181, '29/10/2016 15:30:16', '29/10/2016 15:30:16'),
(958, 231, 102, '29/10/2016 15:30:16', '29/10/2016 15:30:16'),
(959, 232, 161, '29/10/2016 15:30:17', '29/10/2016 15:30:17'),
(960, 232, 154, '29/10/2016 15:30:17', '29/10/2016 15:30:17'),
(961, 232, 180, '29/10/2016 15:30:17', '29/10/2016 15:30:17'),
(962, 232, 143, '29/10/2016 15:30:17', '29/10/2016 15:30:17'),
(963, 232, 132, '29/10/2016 15:30:17', '29/10/2016 15:30:17'),
(964, 232, 102, '29/10/2016 15:30:17', '29/10/2016 15:30:17'),
(965, 233, 162, '29/10/2016 15:30:17', '29/10/2016 15:30:17'),
(966, 233, 136, '29/10/2016 15:30:17', '29/10/2016 15:30:17'),
(967, 234, 144, '29/10/2016 15:30:17', '29/10/2016 15:30:17'),
(968, 234, 102, '29/10/2016 15:30:17', '29/10/2016 15:30:17'),
(969, 234, 117, '29/10/2016 15:30:17', '29/10/2016 15:30:17'),
(970, 234, 135, '29/10/2016 15:30:17', '29/10/2016 15:30:17'),
(971, 234, 172, '29/10/2016 15:30:17', '29/10/2016 15:30:17'),
(972, 234, 167, '29/10/2016 15:30:17', '29/10/2016 15:30:17'),
(973, 235, 177, '29/10/2016 15:30:17', '29/10/2016 15:30:17'),
(974, 235, 164, '29/10/2016 15:30:17', '29/10/2016 15:30:17'),
(975, 235, 98, '29/10/2016 15:30:17', '29/10/2016 15:30:17'),
(976, 235, 101, '29/10/2016 15:30:17', '29/10/2016 15:30:17'),
(977, 236, 114, '29/10/2016 15:30:17', '29/10/2016 15:30:17'),
(978, 236, 128, '29/10/2016 15:30:17', '29/10/2016 15:30:17'),
(979, 236, 106, '29/10/2016 15:30:17', '29/10/2016 15:30:17'),
(980, 236, 98, '29/10/2016 15:30:17', '29/10/2016 15:30:17'),
(981, 237, 134, '29/10/2016 15:30:17', '29/10/2016 15:30:17'),
(982, 237, 170, '29/10/2016 15:30:17', '29/10/2016 15:30:17'),
(983, 237, 135, '29/10/2016 15:30:17', '29/10/2016 15:30:17'),
(984, 237, 117, '29/10/2016 15:30:17', '29/10/2016 15:30:17'),
(985, 238, 147, '29/10/2016 15:30:17', '29/10/2016 15:30:17'),
(986, 238, 103, '29/10/2016 15:30:17', '29/10/2016 15:30:17'),
(987, 238, 159, '29/10/2016 15:30:17', '29/10/2016 15:30:17'),
(988, 238, 136, '29/10/2016 15:30:17', '29/10/2016 15:30:17'),
(989, 239, 99, '29/10/2016 15:30:18', '29/10/2016 15:30:18'),
(990, 239, 183, '29/10/2016 15:30:18', '29/10/2016 15:30:18'),
(991, 239, 103, '29/10/2016 15:30:18', '29/10/2016 15:30:18'),
(992, 239, 102, '29/10/2016 15:30:18', '29/10/2016 15:30:18'),
(993, 240, 89, '29/10/2016 15:30:18', '29/10/2016 15:30:18'),
(994, 240, 120, '29/10/2016 15:30:18', '29/10/2016 15:30:18'),
(995, 241, 174, '29/10/2016 15:30:18', '29/10/2016 15:30:18'),
(996, 241, 118, '29/10/2016 15:30:18', '29/10/2016 15:30:18'),
(997, 242, 112, '29/10/2016 15:30:18', '29/10/2016 15:30:18'),
(998, 242, 152, '29/10/2016 15:30:18', '29/10/2016 15:30:18'),
(999, 242, 176, '29/10/2016 15:30:18', '29/10/2016 15:30:18'),
(1000, 242, 154, '29/10/2016 15:30:18', '29/10/2016 15:30:18'),
(1001, 242, 117, '29/10/2016 15:30:18', '29/10/2016 15:30:18'),
(1002, 243, 184, '29/10/2016 15:30:18', '29/10/2016 15:30:18'),
(1003, 243, 185, '29/10/2016 15:30:18', '29/10/2016 15:30:18'),
(1004, 244, 184, '29/10/2016 15:30:18', '29/10/2016 15:30:18'),
(1005, 244, 134, '29/10/2016 15:30:18', '29/10/2016 15:30:18'),
(1006, 245, 186, '29/10/2016 15:30:18', '29/10/2016 15:30:18'),
(1007, 245, 187, '29/10/2016 15:30:18', '29/10/2016 15:30:18'),
(1008, 245, 188, '29/10/2016 15:30:18', '29/10/2016 15:30:18'),
(1009, 246, 184, '29/10/2016 15:30:18', '29/10/2016 15:30:18'),
(1010, 246, 187, '29/10/2016 15:30:18', '29/10/2016 15:30:18'),
(1011, 246, 188, '29/10/2016 15:30:18', '29/10/2016 15:30:18'),
(1012, 247, 189, '29/10/2016 15:30:18', '29/10/2016 15:30:18'),
(1013, 247, 190, '29/10/2016 15:30:18', '29/10/2016 15:30:18'),
(1014, 247, 191, '29/10/2016 15:30:18', '29/10/2016 15:30:18'),
(1015, 247, 192, '29/10/2016 15:30:18', '29/10/2016 15:30:18'),
(1016, 248, 193, '29/10/2016 15:30:18', '29/10/2016 15:30:18'),
(1017, 249, 184, '29/10/2016 15:30:18', '29/10/2016 15:30:18'),
(1018, 249, 194, '29/10/2016 15:30:18', '29/10/2016 15:30:18'),
(1019, 249, 195, '29/10/2016 15:30:18', '29/10/2016 15:30:18'),
(1020, 249, 196, '29/10/2016 15:30:18', '29/10/2016 15:30:18'),
(1021, 250, 197, '29/10/2016 15:30:18', '29/10/2016 15:30:18'),
(1022, 250, 198, '29/10/2016 15:30:18', '29/10/2016 15:30:18');
INSERT INTO `users_usersInterest` (`id`, `id_users`, `id_interest`, `created_at`, `updated_at`) VALUES
(1023, 250, 189, '29/10/2016 15:30:18', '29/10/2016 15:30:18'),
(1024, 250, 192, '29/10/2016 15:30:18', '29/10/2016 15:30:18'),
(1025, 251, 189, '29/10/2016 15:30:18', '29/10/2016 15:30:18'),
(1026, 251, 192, '29/10/2016 15:30:18', '29/10/2016 15:30:18'),
(1027, 252, 199, '29/10/2016 15:30:18', '29/10/2016 15:30:18'),
(1028, 252, 200, '29/10/2016 15:30:18', '29/10/2016 15:30:18'),
(1029, 253, 201, '29/10/2016 15:30:18', '29/10/2016 15:30:18'),
(1030, 253, 202, '29/10/2016 15:30:18', '29/10/2016 15:30:18'),
(1031, 254, 202, '29/10/2016 15:30:18', '29/10/2016 15:30:18'),
(1032, 254, 185, '29/10/2016 15:30:18', '29/10/2016 15:30:18'),
(1033, 255, 186, '29/10/2016 15:30:18', '29/10/2016 15:30:18'),
(1034, 255, 203, '29/10/2016 15:30:18', '29/10/2016 15:30:18'),
(1035, 256, 204, '29/10/2016 15:30:18', '29/10/2016 15:30:18'),
(1036, 256, 186, '29/10/2016 15:30:18', '29/10/2016 15:30:18'),
(1037, 257, 188, '29/10/2016 15:30:18', '29/10/2016 15:30:18'),
(1038, 257, 191, '29/10/2016 15:30:18', '29/10/2016 15:30:18'),
(1039, 258, 205, '29/10/2016 15:30:18', '29/10/2016 15:30:18'),
(1040, 258, 206, '29/10/2016 15:30:18', '29/10/2016 15:30:18'),
(1041, 258, 199, '29/10/2016 15:30:18', '29/10/2016 15:30:18'),
(1042, 258, 207, '29/10/2016 15:30:18', '29/10/2016 15:30:18'),
(1043, 259, 208, '29/10/2016 15:30:18', '29/10/2016 15:30:18'),
(1044, 259, 209, '29/10/2016 15:30:18', '29/10/2016 15:30:18'),
(1045, 259, 134, '29/10/2016 15:30:18', '29/10/2016 15:30:18'),
(1046, 260, 210, '29/10/2016 15:30:18', '29/10/2016 15:30:18'),
(1047, 260, 195, '29/10/2016 15:30:18', '29/10/2016 15:30:18'),
(1055, 262, 203, '29/10/2016 15:30:18', '29/10/2016 15:30:18'),
(1056, 262, 195, '29/10/2016 15:30:18', '29/10/2016 15:30:18'),
(1057, 262, 205, '29/10/2016 15:30:18', '29/10/2016 15:30:18'),
(1058, 263, 211, '29/10/2016 15:30:18', '29/10/2016 15:30:18'),
(1059, 264, 96, '30/10/2016 14:04:48', '30/10/2016 14:04:48'),
(1060, 264, 212, '30/10/2016 14:04:48', '30/10/2016 14:04:48'),
(1063, 265, 213, '31/10/2016 16:15:53', '31/10/2016 16:15:53'),
(1064, 265, 214, '31/10/2016 16:15:53', '31/10/2016 16:15:53'),
(1075, 267, 215, '31/10/2016 18:17:32', '31/10/2016 18:17:32'),
(1076, 267, 216, '31/10/2016 18:17:32', '31/10/2016 18:17:32');

--
-- Index pour les tables exportées
--

--
-- Index pour la table `chat`
--
ALTER TABLE `chat`
  ADD KEY `id_auteur` (`id_auteur`),
  ADD KEY `id_receiver` (`id_receiver`),
  ADD KEY `id` (`id`);

--
-- Index pour la table `history`
--
ALTER TABLE `history`
  ADD PRIMARY KEY (`id`),
  ADD KEY `id_users` (`id_users`),
  ADD KEY `id_users_visited` (`id_users_visited`);

--
-- Index pour la table `likable`
--
ALTER TABLE `likable`
  ADD PRIMARY KEY (`id`),
  ADD KEY `id_users_like` (`id_users_like`),
  ADD KEY `id_users` (`id_users`);

--
-- Index pour la table `notification`
--
ALTER TABLE `notification`
  ADD PRIMARY KEY (`id`),
  ADD KEY `id_users` (`id_users`),
  ADD KEY `id_users_send` (`id_users_send`);

--
-- Index pour la table `reported`
--
ALTER TABLE `reported`
  ADD PRIMARY KEY (`id`),
  ADD KEY `id_users` (`id_users`),
  ADD KEY `id_users_reported` (`id_users_reported`);

--
-- Index pour la table `users`
--
ALTER TABLE `users`
  ADD PRIMARY KEY (`id`),
  ADD UNIQUE KEY `mail` (`mail`);

--
-- Index pour la table `usersblocked`
--
ALTER TABLE `usersblocked`
  ADD KEY `id_users` (`id_users`),
  ADD KEY `id_users_block` (`id_users_block`),
  ADD KEY `id` (`id`);

--
-- Index pour la table `usersImage`
--
ALTER TABLE `usersImage`
  ADD PRIMARY KEY (`id`),
  ADD KEY `id_users` (`id_users`);

--
-- Index pour la table `usersInterest`
--
ALTER TABLE `usersInterest`
  ADD PRIMARY KEY (`id`);

--
-- Index pour la table `usersLocation`
--
ALTER TABLE `usersLocation`
  ADD PRIMARY KEY (`id`),
  ADD KEY `id_users` (`id_users`);

--
-- Index pour la table `users_usersInterest`
--
ALTER TABLE `users_usersInterest`
  ADD PRIMARY KEY (`id`),
  ADD KEY `id_interest` (`id_interest`),
  ADD KEY `id_users` (`id_users`);

--
-- AUTO_INCREMENT pour les tables exportées
--

--
-- AUTO_INCREMENT pour la table `chat`
--
ALTER TABLE `chat`
  MODIFY `id` int(11) NOT NULL AUTO_INCREMENT, AUTO_INCREMENT=131;
--
-- AUTO_INCREMENT pour la table `history`
--
ALTER TABLE `history`
  MODIFY `id` int(11) NOT NULL AUTO_INCREMENT, AUTO_INCREMENT=216;
--
-- AUTO_INCREMENT pour la table `likable`
--
ALTER TABLE `likable`
  MODIFY `id` int(11) NOT NULL AUTO_INCREMENT, AUTO_INCREMENT=97;
--
-- AUTO_INCREMENT pour la table `notification`
--
ALTER TABLE `notification`
  MODIFY `id` int(11) NOT NULL AUTO_INCREMENT, AUTO_INCREMENT=347;
--
-- AUTO_INCREMENT pour la table `reported`
--
ALTER TABLE `reported`
  MODIFY `id` int(11) NOT NULL AUTO_INCREMENT;
--
-- AUTO_INCREMENT pour la table `users`
--
ALTER TABLE `users`
  MODIFY `id` int(11) NOT NULL AUTO_INCREMENT, AUTO_INCREMENT=268;
--
-- AUTO_INCREMENT pour la table `usersblocked`
--
ALTER TABLE `usersblocked`
  MODIFY `id` int(11) NOT NULL AUTO_INCREMENT, AUTO_INCREMENT=8;
--
-- AUTO_INCREMENT pour la table `usersImage`
--
ALTER TABLE `usersImage`
  MODIFY `id` int(11) NOT NULL AUTO_INCREMENT, AUTO_INCREMENT=263;
--
-- AUTO_INCREMENT pour la table `usersInterest`
--
ALTER TABLE `usersInterest`
  MODIFY `id` int(11) NOT NULL AUTO_INCREMENT, AUTO_INCREMENT=217;
--
-- AUTO_INCREMENT pour la table `usersLocation`
--
ALTER TABLE `usersLocation`
  MODIFY `id` int(11) NOT NULL AUTO_INCREMENT, AUTO_INCREMENT=273;
--
-- AUTO_INCREMENT pour la table `users_usersInterest`
--
ALTER TABLE `users_usersInterest`
  MODIFY `id` int(11) NOT NULL AUTO_INCREMENT, AUTO_INCREMENT=1077;
--
-- Contraintes pour les tables exportées
--

--
-- Contraintes pour la table `chat`
--
ALTER TABLE `chat`
  ADD CONSTRAINT `userS_auteur` FOREIGN KEY (`id_auteur`) REFERENCES `users` (`id`),
  ADD CONSTRAINT `users_receiver` FOREIGN KEY (`id_receiver`) REFERENCES `users` (`id`);

--
-- Contraintes pour la table `history`
--
ALTER TABLE `history`
  ADD CONSTRAINT `userS_visited` FOREIGN KEY (`id_users_visited`) REFERENCES `users` (`id`),
  ADD CONSTRAINT `users_history` FOREIGN KEY (`id_users`) REFERENCES `users` (`id`);

--
-- Contraintes pour la table `likable`
--
ALTER TABLE `likable`
  ADD CONSTRAINT `users_like` FOREIGN KEY (`id_users`) REFERENCES `users` (`id`),
  ADD CONSTRAINT `users_like_like` FOREIGN KEY (`id_users_like`) REFERENCES `users` (`id`);

--
-- Contraintes pour la table `notification`
--
ALTER TABLE `notification`
  ADD CONSTRAINT `notif_users` FOREIGN KEY (`id_users`) REFERENCES `users` (`id`),
  ADD CONSTRAINT `notif_users_send` FOREIGN KEY (`id_users_send`) REFERENCES `users` (`id`);

--
-- Contraintes pour la table `reported`
--
ALTER TABLE `reported`
  ADD CONSTRAINT `users-users-report` FOREIGN KEY (`id_users_reported`) REFERENCES `users` (`id`),
  ADD CONSTRAINT `users_report` FOREIGN KEY (`id_users`) REFERENCES `users` (`id`);

--
-- Contraintes pour la table `usersblocked`
--
ALTER TABLE `usersblocked`
  ADD CONSTRAINT `id_users` FOREIGN KEY (`id_users`) REFERENCES `users` (`id`),
  ADD CONSTRAINT `id_users_block` FOREIGN KEY (`id_users_block`) REFERENCES `users` (`id`);

--
-- Contraintes pour la table `usersImage`
--
ALTER TABLE `usersImage`
  ADD CONSTRAINT `users-usersimage` FOREIGN KEY (`id_users`) REFERENCES `users` (`id`);

--
-- Contraintes pour la table `usersLocation`
--
ALTER TABLE `usersLocation`
  ADD CONSTRAINT `userS_location` FOREIGN KEY (`id_users`) REFERENCES `users` (`id`);

--
-- Contraintes pour la table `users_usersInterest`
--
ALTER TABLE `users_usersInterest`
  ADD CONSTRAINT `userS_usersinterest` FOREIGN KEY (`id_interest`) REFERENCES `usersInterest` (`id`),
  ADD CONSTRAINT `users_users` FOREIGN KEY (`id_users`) REFERENCES `users` (`id`);

/*!40101 SET CHARACTER_SET_CLIENT=@OLD_CHARACTER_SET_CLIENT */;
/*!40101 SET CHARACTER_SET_RESULTS=@OLD_CHARACTER_SET_RESULTS */;
/*!40101 SET COLLATION_CONNECTION=@OLD_COLLATION_CONNECTION */;
